Data Definition,MediumID,b3172,b3359,b3572,b3671,b3771,b3829,b3870,b3957,b3958,b3959,b4013,b4054,b4117,b3500,b3551,b3929,b3930,b3991,b3992,b3993,b3994,b4039,b3091,b3132,b3416,b3519,b3564,b3565,b3588,b3600,b3902,b3903,b3904,b4090,b4119,b3908,b3942,b3224,b3225,b3429,b3430,b3137,b3213,b3403,b3437,b3517,b3787,b3789,b3821,b3926,b3945,b3236,b3426,b3731,b3892,b3893,b3894,b3916,b3919,b3946,b3952,b4025,b4041,b3806,b3831,b4005,b4006,b3119,b3357,b3418,b3423,b3438,b3569,b3668,b3743,b3753,b3773,b3868,b3869,b3905,b3906,b3912,b3934,b4063,b4118,b3093,b3161,b3409,b3415,b3450,b3451,b3454,b3456,b3566,b3567,b3568,b3603,b3653,b3725,b3750,b3751,b3849,b3909,b3917,b3927,b4033,b4035,b4111,b4120,b4138
OD600 growth on D-Alanine,ala-D(e)-nh4(e),+/-/-,+/-/-,+/+/+,+/+/+,+/-/-,+/+/+,+/+/+,+/-/-,+/-/-,+/-/-,+/-/-,+/+/+,+/+/+,+/+/+,+/+/+,+/+/+,+/+/+,+/+/+,+/+/+,+/+/+,+/+/+,+/+/+,+/+/+,+/+/+,+/+/+,+/+/+,+/+/+,+/+/+,+/+/+,+/+/+,+/+/+,+/+/+,+/+/+,+/+/+,+/+/+,+/+/+,+/+/+,+/+/+,+/+/+,+/-/-,+/-/-,+/+/+,+/+/+,+/+/+,+/+/+,+/+/+,+/+/+,+/+/+,+/+/+,+/+/+,+/+/+,+/+/+,+/+/+,+/+/+,+/+/+,+/+/+,+/+/+,+/+/+,+/-/-,+/+/+,+/+/+,+/-/-,+/-/-,+/+/+,+/+/+,+/-/-,+/-/-,+/n/+,+/n/+,+/n/+,+/n/+,+/n/+,+/n/+,+/n/+,+/n/+,+/n/+,+/n/-,+/n/+,+/n/+,+/n/+,+/n/+,+/n/+,+/n/+,+/n/+,+/n/+,+/+/+,+/+/+,+/+/+,+/+/+,+/+/+,+/+/+,+/+/+,+/+/+,+/+/+,+/+/+,+/+/+,+/+/+,+/+/+,+/+/+,+/+/+,+/+/+,+/+/+,+/+/+,+/+/+,+/+/+,+/+/+,+/+/+,+/+/+,+/+/+,+/+/+
OD600 growth on D-Serine,ser-D(e)-nh4(e),+/-/-,+/-/-,+/+/+,+/+/+,+/-/-,+/+/+,+/+/+,+/-/-,+/-/-,+/-/-,+/-/-,+/+/+,+/+/+,+/+/+,+/+/+,+/+/+,+/+/+,+/+/+,+/+/+,+/+/+,+/+/+,+/+/+,+/+/+,+/+/+,+/+/+,+/+/+,+/+/+,+/+/+,+/+/+,+/+/+,+/+/+,+/+/+,+/+/+,+/+/+,+/+/+,+/+/+,+/+/+,+/+/+,+/+/+,+/-/-,+/-/-,+/+/+,+/+/+,+/+/+,+/+/+,+/+/+,+/+/+,+/+/+,+/+/+,+/+/+,+/+/+,+/+/+,+/+/+,+/+/+,+/+/+,+/+/+,+/+/+,+/+/+,+/-/-,+/+/+,+/+/+,+/-/-,+/-/-,+/+/+,+/+/+,+/-/-,+/-/-,+/n/+,+/n/+,+/n/+,+/n/+,+/n/+,+/n/+,+/n/+,+/n/+,+/n/+,+/n/-,+/n/+,+/n/+,+/n/+,+/n/+,+/n/+,+/n/+,+/n/+,+/n/+,+/+/+,+/+/+,+/+/+,+/+/+,+/+/+,+/+/+,+/+/+,+/+/+,+/+/+,+/+/+,+/+/+,+/+/+,+/+/+,+/+/+,+/+/+,+/+/+,+/+/+,+/+/+,+/+/+,+/+/+,+/+/+,+/+/+,+/+/+,+/+/+,+/+/+
OD600 growth on L-Alanine,ala-L(e)-nh4(e),+/-/-,+/-/-,+/+/+,+/+/+,+/-/-,+/+/+,+/+/+,+/-/-,+/-/-,+/-/-,+/-/-,+/+/+,+/+/+,+/+/+,+/+/+,+/+/+,+/+/+,+/+/+,+/+/+,+/+/+,+/+/+,+/+/+,+/+/+,+/+/+,+/+/+,+/+/+,+/+/+,+/+/+,+/+/+,+/+/+,+/+/+,+/+/+,+/+/+,+/+/+,+/+/+,+/+/+,+/+/+,+/+/+,+/+/+,+/-/-,+/-/-,+/+/+,+/+/+,+/+/+,+/+/+,+/+/+,+/+/+,+/+/+,+/+/+,+/+/+,+/+/+,+/+/+,+/+/+,+/+/+,+/+/+,+/+/+,+/+/+,+/+/+,+/-/-,+/+/+,+/+/+,+/-/-,+/-/-,+/+/+,+/+/+,+/-/-,+/-/-,+/n/+,+/n/+,+/n/+,+/n/+,+/n/+,+/n/+,+/n/+,+/n/+,+/n/+,+/n/-,+/n/+,+/n/+,+/n/+,+/n/+,+/n/+,+/n/+,+/n/+,+/n/+,+/+/+,+/+/+,+/+/+,+/+/+,+/+/+,+/+/+,+/+/+,+/+/+,+/+/+,+/+/+,+/+/+,+/+/+,+/+/+,+/+/+,+/+/+,+/+/+,+/+/+,+/+/+,+/+/+,+/+/+,+/+/+,+/+/+,+/+/+,+/+/+,+/+/+
OD600 growth on L-Asparagine,asn-L(e)-nh4(e),-/-/-,+/-/-,+/+/+,+/+/+,+/-/-,+/+/+,+/+/+,+/-/-,+/-/-,+/-/-,+/-/-,+/+/+,+/+/+,+/+/+,+/+/+,+/+/+,+/+/+,-/+/+,+/+/+,+/+/+,+/+/+,+/+/+,+/+/+,-/+/+,+/+/+,+/+/+,+/+/+,+/+/+,+/+/+,+/+/+,+/+/+,+/+/+,+/+/+,+/+/+,+/+/+,+/+/+,+/+/+,+/+/+,+/+/+,+/-/-,+/-/-,+/+/+,+/+/+,-/+/+,+/+/+,+/+/+,+/+/+,+/+/+,+/+/+,+/+/+,+/+/+,-/+/+,+/+/+,+/-/-,+/+/+,+/+/+,-/+/+,+/+/+,+/-/-,+/+/+,+/+/+,+/-/-,+/-/-,+/+/+,+/+/+,+/-/-,+/-/-,+/n/+,+/n/+,+/n/+,+/n/+,-/n/+,-/n/+,+/n/+,+/n/+,+/n/+,+/n/-,+/n/+,+/n/+,+/n/+,+/n/+,-/n/+,-/n/+,+/n/+,+/n/+,-/+/+,-/+/+,+/+/+,+/+/+,+/+/+,+/+/+,+/+/+,+/+/+,+/+/+,+/+/+,+/+/+,+/+/+,+/+/+,+/+/+,+/+/+,+/+/+,-/+/+,+/+/+,+/+/+,+/+/+,+/+/+,+/+/+,+/+/+,+/+/+,-/+/+
OD600 growth on L-Aspartic Acid,asp-L(e)-nh4(e),+/-/-,+/-/-,+/+/+,+/+/+,+/-/-,+/+/+,+/+/+,+/-/-,+/-/-,+/-/-,+/-/-,+/+/+,+/+/+,+/+/+,+/+/+,+/+/+,+/+/+,+/+/+,+/+/+,+/+/+,+/+/+,+/+/+,+/+/+,+/+/+,+/+/+,+/+/+,+/+/+,+/+/+,+/+/+,+/+/+,+/+/+,+/+/+,+/+/+,+/+/+,+/+/+,+/+/+,+/+/+,+/+/+,+/+/+,+/-/-,+/-/-,+/+/+,+/+/+,+/+/+,+/+/+,+/+/+,+/+/+,+/+/+,+/+/+,+/+/+,+/+/+,+/+/+,+/+/+,+/+/+,+/+/+,+/+/+,+/+/+,+/+/+,+/-/-,+/+/+,+/+/+,+/-/-,+/-/-,+/+/+,+/+/+,+/-/-,+/-/-,+/n/+,+/n/+,+/n/+,+/n/+,+/n/+,+/n/+,+/n/+,+/n/+,+/n/+,+/n/-,+/n/+,+/n/+,+/n/+,+/n/+,+/n/+,+/n/+,+/n/+,+/n/+,+/+/+,+/+/+,+/+/+,+/+/+,+/+/+,+/+/+,+/+/+,+/+/+,+/+/+,+/+/+,+/+/+,+/+/+,+/+/+,+/+/+,+/+/+,+/+/+,+/+/+,+/+/+,+/+/+,+/+/+,+/+/+,+/+/+,+/+/+,+/+/+,+/+/+
OD600 growth on L-Glutamic Acid,glu-L(e)-nh4(e),-/-/-,-/-/-,-/+/+,+/+/+,-/-/-,+/+/+,-/+/+,-/-/-,-/-/-,-/-/-,-/-/-,-/+/+,-/+/+,-/+/+,-/+/+,-/+/+,-/+/+,-/+/+,-/+/+,-/+/+,-/+/+,-/+/+,-/+/+,-/+/+,-/+/+,-/+/+,-/+/+,+/+/+,-/+/+,-/+/+,+/+/+,-/+/+,-/+/+,-/+/+,-/+/+,+/+/+,+/+/+,-/+/+,-/+/+,-/-/-,-/-/-,+/+/+,-/+/+,-/+/+,-/+/+,+/+/+,-/+/+,-/+/+,-/+/+,-/+/+,-/+/+,+/+/+,-/+/+,+/+/+,-/+/+,-/+/+,-/+/+,+/+/+,-/-/-,-/+/+,-/+/+,-/-/-,+/-/-,+/+/+,-/+/+,+/-/-,-/-/-,-/n/+,-/n/+,-/n/+,+/n/+,-/n/+,-/n/+,-/n/+,+/n/+,-/n/+,-/n/-,-/n/+,-/n/+,-/n/+,-/n/+,-/n/+,-/n/+,-/n/+,-/n/+,-/+/+,-/+/+,-/+/+,+/+/+,+/+/+,-/+/+,+/+/+,-/+/+,-/+/+,-/+/+,+/+/+,-/+/+,-/+/+,-/+/+,-/+/+,-/+/+,-/+/+,-/+/+,-/+/+,-/+/+,-/+/+,-/+/+,-/+/+,+/+/+,+/+/+
OD600 growth on L-Glutamine,gln-L(e)-nh4(e),+/-/-,+/-/-,+/+/+,+/+/+,+/-/-,+/+/+,+/+/+,+/-/-,+/-/-,-/-/-,+/-/-,+/+/+,+/+/+,+/+/+,+/+/+,+/+/+,+/+/+,+/+/+,+/+/+,+/+/+,+/+/+,+/+/+,+/+/+,+/+/+,+/+/+,+/+/+,+/+/+,+/+/+,+/+/+,+/+/+,+/+/+,+/+/+,+/+/+,+/+/+,+/+/+,+/+/+,+/+/+,+/+/+,+/+/+,+/-/-,+/-/-,+/+/+,+/+/+,+/+/+,+/+/+,+/+/+,+/+/+,+/+/+,+/+/+,+/+/+,+/+/+,-/+/+,+/+/+,+/-/-,+/+/+,+/+/+,+/+/+,+/+/+,+/-/-,+/+/+,+/+/+,+/-/-,+/-/-,+/+/+,+/+/+,+/-/-,+/-/-,+/n/+,+/n/+,-/n/+,+/n/+,+/n/+,+/n/+,+/n/+,+/n/+,+/n/+,+/n/-,+/n/+,+/n/+,+/n/+,+/n/+,+/n/+,+/n/+,+/n/+,+/n/+,+/+/+,+/+/+,+/+/+,+/+/+,+/+/+,+/+/+,+/+/+,+/+/+,+/+/+,+/+/+,+/+/+,+/+/+,+/+/+,+/+/+,+/+/+,+/+/+,+/+/+,+/+/+,+/+/+,+/+/+,+/+/+,+/+/+,+/+/+,+/+/+,+/+/+
OD600 growth on L-Proline,pro-L(e)-nh4(e),+/-/-,+/-/-,+/+/+,-/+/+,+/-/-,-/+/+,+/+/+,+/-/-,+/-/-,-/-/-,+/-/-,+/+/+,+/+/+,+/+/+,+/+/+,+/+/+,+/+/+,+/+/+,+/+/+,+/+/+,+/+/+,+/+/+,+/+/+,+/+/+,+/+/+,+/+/+,+/+/+,+/+/+,+/+/+,+/+/+,+/+/+,+/+/+,+/+/+,+/+/+,+/+/+,+/+/+,+/+/+,+/+/+,+/+/+,+/-/-,+/-/-,+/+/+,+/+/+,+/+/+,+/+/+,+/+/+,-/+/+,+/+/+,+/+/+,+/+/+,+/+/+,-/+/+,+/+/+,+/+/-,+/+/+,+/+/+,+/+/+,+/+/+,+/-/-,+/+/+,+/+/+,+/-/-,+/-/-,-/+/+,+/+/+,+/-/-,+/-/-,+/n/+,+/n/+,+/n/+,+/n/+,+/n/+,+/n/+,-/n/+,+/n/+,+/n/+,+/n/-,+/n/+,+/n/+,+/n/+,+/n/+,+/n/+,+/n/+,+/n/+,+/n/+,+/+/+,+/+/+,+/+/+,+/+/+,+/+/+,+/+/+,+/+/+,+/+/+,+/+/+,+/+/+,+/+/+,-/+/+,+/+/+,+/+/+,+/+/+,-/+/+,+/+/+,+/+/+,+/+/+,+/+/+,+/+/+,+/+/+,+/+/+,+/+/+,+/+/+
OD600 growth on L-Serine,ser-L(e)-nh4(e),+/-/-,+/-/-,+/+/+,+/+/+,+/-/-,+/+/+,+/+/+,+/-/-,+/-/-,+/-/-,+/-/-,+/+/+,+/+/+,+/+/+,+/+/+,+/+/+,+/+/+,+/+/+,+/+/+,+/+/+,+/+/+,+/+/+,+/+/+,+/+/+,+/+/+,+/+/+,+/+/+,+/+/+,+/+/+,+/+/+,+/+/+,+/+/+,+/+/+,+/+/+,+/+/+,+/+/+,+/+/+,+/+/+,+/+/+,+/-/-,+/-/-,+/+/+,+/+/+,+/+/+,+/+/+,+/+/+,+/+/+,+/+/+,+/+/+,+/+/+,+/+/+,+/+/+,+/+/+,+/+/+,+/+/+,+/+/+,+/+/+,+/+/+,+/-/-,+/+/+,+/+/+,+/-/-,+/-/-,+/+/+,+/+/+,+/-/-,+/-/-,+/n/+,+/n/+,+/n/+,+/n/+,+/n/+,+/n/+,+/n/+,+/n/+,+/n/+,+/n/-,+/n/+,+/n/+,+/n/+,+/n/+,+/n/+,+/n/+,+/n/+,+/n/+,+/+/+,+/+/+,+/+/+,+/+/+,+/+/+,+/+/+,+/+/+,+/+/+,+/+/+,+/+/+,+/+/+,+/+/+,+/+/+,+/+/+,+/+/+,+/+/+,+/+/+,+/+/+,+/+/+,+/+/+,+/+/+,+/+/+,+/+/+,+/+/+,+/+/+
OD600 growth on L-Threonine,thr-L(e)-nh4(e),+/-/-,+/-/-,+/+/+,+/+/+,+/-/-,+/+/+,+/+/+,+/-/-,+/-/-,+/-/-,+/-/-,+/+/+,+/+/+,+/+/+,-/+/+,+/+/+,+/+/+,+/+/+,+/+/+,+/+/+,+/+/+,+/+/+,+/+/+,+/+/+,+/+/+,+/+/+,+/+/+,+/+/+,+/+/+,+/+/+,+/+/+,+/+/+,+/+/+,+/+/+,+/+/+,+/+/+,+/+/+,+/+/+,+/+/+,+/-/-,+/-/-,+/+/+,+/+/+,+/+/+,+/+/+,+/+/+,+/+/+,+/+/+,+/+/+,+/+/+,+/+/+,-/+/+,-/+/+,+/+/-,+/+/+,+/+/+,-/+/+,+/+/+,+/-/-,+/+/+,+/+/+,+/-/-,+/-/-,+/+/+,+/+/+,+/-/-,+/-/-,+/n/+,+/n/+,-/n/+,-/n/+,+/n/+,+/n/+,-/n/+,+/n/+,+/n/+,+/n/-,+/n/+,+/n/+,+/n/+,+/n/+,-/n/+,+/n/+,+/n/+,+/n/+,+/+/+,+/+/+,+/+/+,+/+/+,+/+/+,+/+/+,+/+/+,+/+/+,+/+/+,+/+/+,+/+/+,-/+/+,+/+/+,+/+/+,+/+/+,+/+/+,-/+/+,+/+/+,+/+/+,+/+/+,+/+/+,-/+/+,+/+/+,+/+/+,+/+/+
OD600 growth on g-Amino Butyric Acid,4abut(e)-nh4(e),-/-/-,-/-/-,-/+/+,-/+/+,-/-/-,+/+/+,-/+/+,+/-/-,-/-/-,+/-/-,-/-/-,-/+/+,-/+/+,-/+/+,-/+/+,-/+/+,-/+/+,-/+/+,-/+/+,-/+/+,-/+/+,-/+/+,-/+/+,-/+/+,-/+/+,-/+/+,-/+/+,-/+/+,-/+/+,-/+/+,-/+/+,-/+/+,-/+/+,-/+/+,-/+/+,-/+/+,-/+/+,-/+/+,+/+/+,-/-/-,-/-/-,-/+/+,-/+/+,-/+/+,-/+/+,-/+/+,-/+/+,-/+/+,-/+/+,-/+/+,-/+/+,-/+/+,+/+/+,-/-/-,+/+/+,-/+/+,-/+/+,-/+/+,+/-/-,-/+/+,-/+/+,-/-/-,-/-/-,-/+/+,+/+/+,-/-/-,-/-/-,-/n/+,-/n/+,+/n/+,+/n/+,-/n/+,-/n/+,-/n/+,-/n/+,-/n/+,-/n/-,-/n/+,+/n/+,-/n/+,-/n/+,-/n/+,-/n/+,-/n/+,+/n/+,-/+/+,-/+/+,-/+/+,-/+/+,-/+/+,-/+/+,-/+/+,-/+/+,-/+/+,-/+/+,-/+/+,-/+/+,+/+/+,-/+/+,-/+/+,-/+/+,-/+/+,-/+/+,-/+/+,-/+/+,-/+/+,-/+/+,-/+/+,-/+/+,-/+/+
OD600 growth on Glycine,gly(e)-nh4(e),-/-/-,-/-/-,-/+/-,+/+/-,-/-/-,+/+/-,-/+/-,+/-/-,+/-/-,+/-/-,+/-/-,+/+/-,+/+/-,+/+/-,-/+/-,+/+/-,-/+/-,+/+/-,-/+/-,-/+/-,-/+/-,+/+/-,-/+/-,+/+/-,-/+/-,+/+/-,-/+/-,+/+/-,+/+/-,+/+/-,+/+/-,+/+/-,+/+/-,-/+/-,-/+/-,-/+/-,-/+/-,+/+/-,+/+/-,-/-/-,-/-/-,-/+/-,+/+/-,+/+/-,-/+/-,+/+/-,-/+/-,-/+/-,+/+/-,+/+/-,-/+/-,-/+/-,-/+/-,-/-/-,+/+/-,-/+/-,-/+/-,-/+/-,+/-/-,+/+/-,+/+/-,-/-/-,-/-/-,-/+/-,-/+/-,+/-/-,-/-/-,+/n/-,-/n/-,+/n/-,+/n/-,-/n/-,-/n/-,-/n/-,+/n/-,-/n/-,+/n/-,-/n/-,+/n/-,-/n/-,-/n/-,+/n/-,-/n/-,-/n/-,+/n/-,+/+/-,-/+/-,-/+/-,+/+/-,-/+/-,+/+/-,+/+/-,-/+/-,-/+/-,-/+/-,+/+/-,-/+/-,+/+/-,-/+/-,-/+/-,-/+/-,+/+/-,+/+/-,+/+/-,+/+/-,+/+/-,-/+/-,+/+/-,+/+/-,+/+/-
OD600 growth on L-Arginine,arg-L(e)-nh4(e),-/+/+,-/+/+,-/+/+,-/+/+,+/-/-,-/+/+,-/+/+,+/+/+,-/+/+,-/+/+,+/-/-,+/+/+,-/+/+,-/+/+,-/+/+,+/+/+,-/+/+,-/+/+,-/+/+,-/+/+,-/+/+,+/+/+,-/+/+,+/+/+,-/+/+,+/+/+,-/+/+,-/+/+,-/+/+,-/+/+,+/+/+,-/+/+,+/+/+,-/+/+,-/+/+,-/+/+,-/+/+,+/+/+,+/+/+,-/-/-,+/-/-,-/+/+,+/+/+,+/+/+,-/+/+,-/+/+,-/+/+,-/+/+,+/+/+,+/+/+,-/+/+,-/+/+,+/+/+,-/-/-,+/+/+,-/+/+,-/+/+,-/+/+,+/-/-,+/+/+,-/+/+,-/-/-,-/-/-,-/+/+,+/+/+,-/-/-,-/-/-,-/n/+,+/n/+,+/n/+,+/n/+,-/n/+,-/n/+,-/n/+,-/n/+,-/n/+,-/n/-,-/n/+,+/n/+,+/n/+,-/n/+,-/n/+,-/n/+,-/n/+,+/n/+,-/+/+,-/+/+,-/+/+,+/+/+,+/+/+,+/+/+,+/+/+,-/+/+,-/+/+,-/+/+,-/+/+,-/+/+,+/+/+,+/+/+,-/+/+,-/+/+,-/+/+,-/+/+,-/+/+,+/+/-,-/+/+,-/+/+,+/+/+,+/+/+,-/+/+
OD600 growth on L-Histidine,his-L(e)-nh4(e),-/-/-,-/-/-,+/-/-,-/-/-,-/-/-,+/-/-,+/-/-,-/-/-,-/-/-,-/-/-,-/-/-,-/-/-,-/-/-,-/-/-,-/-/-,-/-/-,-/-/-,-/-/-,-/-/-,-/-/-,-/-/-,+/-/-,-/-/-,-/-/-,-/-/-,-/-/-,-/-/-,-/-/-,-/-/-,-/-/-,+/-/-,-/-/-,+/-/-,-/-/-,+/-/-,-/-/-,-/-/-,-/-/-,-/-/-,-/-/-,-/-/-,-/-/-,-/-/-,-/-/-,-/-/-,-/-/-,-/-/-,-/-/-,+/-/-,-/-/-,-/-/-,-/-/-,-/-/-,-/-/-,-/-/-,+/-/-,-/-/-,+/-/-,+/-/-,+/-/-,-/-/-,-/-/-,-/-/-,-/-/-,-/-/-,-/-/-,-/-/-,-/n/-,-/n/-,+/n/-,+/n/-,-/n/-,-/n/-,-/n/-,-/n/-,-/n/-,-/n/-,-/n/-,-/n/-,-/n/-,-/n/-,-/n/-,-/n/-,+/n/-,+/n/-,-/-/-,-/-/-,-/-/-,-/-/-,+/-/-,+/-/-,-/-/-,-/-/-,+/-/-,-/-/-,-/-/-,-/-/-,+/-/-,+/-/-,-/-/-,-/-/-,-/-/-,-/-/-,-/-/-,+/-/-,+/-/-,-/-/-,+/-/-,+/-/-,+/-/-
OD600 growth on L-Isoleucine,ile-L(e)-nh4(e),-/-/-,-/-/-,-/-/-,-/-/-,-/-/-,-/-/-,-/-/-,-/-/-,-/-/-,-/-/-,-/-/-,-/-/-,-/-/-,-/-/-,-/-/-,-/-/-,-/-/-,-/-/-,-/-/-,-/-/-,-/-/-,-/-/-,-/-/-,-/-/-,-/-/-,-/-/-,-/-/-,-/-/-,-/-/-,-/-/-,-/-/-,-/-/-,-/-/-,-/-/-,-/-/-,-/-/-,-/-/-,-/-/-,-/-/-,-/-/-,-/-/-,-/-/-,-/-/-,-/-/-,-/-/-,-/-/-,-/-/-,-/-/-,-/-/-,-/-/-,-/-/-,-/-/-,-/-/-,-/-/-,-/-/-,-/-/-,-/-/-,-/-/-,-/-/-,-/-/-,-/-/-,-/-/-,-/-/-,-/-/-,-/-/-,-/-/-,-/-/-,-/n/-,-/n/-,+/n/-,+/n/-,-/n/-,-/n/-,-/n/-,-/n/-,-/n/-,-/n/-,-/n/-,-/n/-,-/n/-,-/n/-,-/n/-,-/n/-,-/n/-,-/n/-,-/-/-,-/-/-,-/-/-,-/-/-,-/-/-,-/-/-,-/-/-,-/-/-,-/-/-,-/-/-,-/-/-,-/-/-,-/-/-,-/-/-,-/-/-,-/-/-,-/-/-,-/-/-,-/-/-,-/-/-,-/-/-,-/-/-,-/-/-,-/-/-,-/-/-
OD600 growth on L-Leucine,leu-L(e)-nh4(e),-/-/-,-/-/-,-/-/-,-/-/-,-/-/-,-/-/-,-/-/-,-/-/-,-/-/-,+/-/-,+/-/-,-/-/-,-/-/-,-/-/-,-/-/-,-/-/-,-/-/-,-/-/-,-/-/-,-/-/-,-/-/-,-/-/-,-/-/-,-/-/-,-/-/-,-/-/-,-/-/-,-/-/-,-/-/-,-/-/-,-/-/-,-/-/-,+/-/-,-/-/-,-/-/-,-/-/-,-/-/-,-/-/-,-/-/-,-/-/-,+/-/-,-/-/-,-/-/-,-/-/-,-/-/-,-/-/-,-/-/-,-/-/-,-/-/-,-/-/-,-/-/-,-/-/-,-/-/-,-/-/-,-/-/-,-/-/-,-/-/-,-/-/-,-/-/-,-/-/-,-/-/-,-/-/-,-/-/-,-/-/-,-/-/-,+/-/-,-/-/-,-/n/-,-/n/-,+/n/-,+/n/-,-/n/-,-/n/-,-/n/-,-/n/-,-/n/-,-/n/-,-/n/-,-/n/-,+/n/-,-/n/-,-/n/-,-/n/-,-/n/-,-/n/-,-/-/-,-/-/-,-/-/-,-/-/-,-/-/-,-/-/-,-/-/-,-/-/-,-/-/-,-/-/-,-/-/-,-/-/-,-/-/-,-/-/-,-/-/-,-/-/-,+/-/-,-/-/-,-/-/-,-/-/-,+/-/-,-/-/-,-/-/-,-/-/-,-/-/-
OD600 growth on L-Lysine,lys-L(e)-nh4(e),-/-/-,-/-/-,-/-/-,-/-/-,-/-/-,-/-/-,-/-/-,-/-/-,-/-/-,+/-/-,-/-/-,-/-/-,-/-/-,-/-/-,-/-/-,-/-/-,-/-/-,-/-/-,-/-/-,-/-/-,-/-/-,-/-/-,-/-/-,-/-/-,-/-/-,-/-/-,-/-/-,-/-/-,-/-/-,-/-/-,+/-/-,-/-/-,-/-/-,-/-/-,-/-/-,-/-/-,-/-/-,-/-/-,-/-/-,-/-/-,-/-/-,-/-/-,-/-/-,-/-/-,-/-/-,-/-/-,-/-/-,-/-/-,-/-/-,-/-/-,-/-/-,-/-/-,+/-/-,+/-/-,+/-/-,-/-/-,-/-/-,-/-/-,-/-/-,-/-/-,-/-/-,-/-/-,-/-/-,-/-/-,-/-/-,-/-/-,-/-/-,-/n/-,-/n/-,+/n/-,+/n/-,-/n/-,-/n/-,-/n/-,+/n/-,-/n/-,-/n/-,-/n/-,+/n/-,-/n/-,-/n/-,-/n/-,-/n/-,-/n/-,+/n/-,-/-/-,-/-/-,-/-/-,-/-/-,+/-/-,-/-/-,-/-/-,-/-/-,-/-/-,-/-/-,-/-/-,-/-/-,-/-/-,-/-/-,-/-/-,-/-/-,-/-/-,-/-/-,-/-/-,-/-/-,-/-/-,-/-/-,+/-/-,-/-/-,-/-/-
OD600 growth on L-Methionine,met-L(e)-nh4(e),-/-/-,-/-/-,-/-/-,-/-/-,-/-/-,-/-/-,-/-/-,-/-/-,-/-/-,-/-/-,-/-/-,-/-/-,-/-/-,-/-/-,-/-/-,-/-/-,-/-/-,-/-/-,-/-/-,-/-/-,-/-/-,-/-/-,-/-/-,-/-/-,-/-/-,-/-/-,-/-/-,-/-/-,-/-/-,-/-/-,-/-/-,-/-/-,-/-/-,-/-/-,-/-/-,-/-/-,-/-/-,-/-/-,-/-/-,-/-/-,-/-/-,-/-/-,-/-/-,-/-/-,-/-/-,-/-/-,-/-/-,-/-/-,-/-/-,-/-/-,-/-/-,-/-/-,-/-/-,-/-/-,-/-/-,-/-/-,-/-/-,-/-/-,-/-/-,-/-/-,-/-/-,-/-/-,-/-/-,-/-/-,-/-/-,-/-/-,-/-/-,-/n/-,-/n/-,-/n/-,-/n/-,-/n/-,-/n/-,-/n/-,-/n/-,-/n/-,-/n/-,-/n/-,-/n/-,-/n/-,-/n/-,-/n/-,-/n/-,-/n/-,+/n/-,-/-/-,-/-/-,-/-/-,-/-/-,-/-/-,-/-/-,-/-/-,-/-/-,-/-/-,-/-/-,-/-/-,-/-/-,-/-/-,-/-/-,-/-/-,-/-/-,-/-/-,-/-/-,-/-/-,-/-/-,-/-/-,-/-/-,+/-/-,-/-/-,-/-/-
OD600 growth on L-Ornithine,orn(e)-nh4(e),-/-/-,-/+/+,-/+/+,-/+/+,+/-/-,-/+/+,-/+/+,+/+/+,-/+/+,-/+/+,-/-/-,+/+/+,-/+/+,+/+/+,-/+/+,-/+/+,-/+/+,-/+/+,+/+/+,-/+/+,-/+/+,-/+/+,-/+/+,-/+/+,-/+/+,-/+/+,-/+/+,-/+/+,-/+/+,-/+/+,-/+/+,-/+/+,-/+/+,-/+/+,-/+/+,-/+/+,-/+/+,+/+/+,-/+/+,-/-/-,-/-/-,-/+/+,-/+/+,+/+/+,-/+/+,-/+/+,-/+/+,-/+/+,-/+/+,-/+/+,-/+/+,-/+/+,-/+/+,-/-/-,-/+/+,-/+/+,-/+/+,-/+/+,-/-/-,-/+/+,-/+/+,-/-/-,-/-/-,-/+/+,-/+/+,-/-/-,+/-/-,-/n/+,-/n/+,+/n/+,+/n/+,-/n/+,-/n/+,-/n/+,-/n/+,-/n/+,-/n/-,-/n/+,+/n/+,-/n/+,-/n/+,-/n/+,-/n/+,-/n/+,-/n/+,-/+/+,-/+/+,-/+/+,+/+/+,+/+/+,-/+/+,-/+/+,-/+/+,-/+/+,-/+/+,-/+/+,-/+/+,+/+/+,-/+/+,-/+/+,-/+/+,-/+/+,-/+/+,-/+/+,-/+/+,-/+/+,-/+/+,+/+/+,-/+/+,-/+/+
OD600 growth on L-Phenylalanine,phe-L(e)-nh4(e),-/-/-,-/-/-,-/-/-,-/-/-,-/-/-,-/-/-,-/-/-,-/-/-,-/-/-,-/-/-,-/-/-,-/-/-,-/-/-,+/-/-,-/-/-,-/-/-,-/-/-,-/-/-,-/-/-,-/-/-,-/-/-,-/-/-,-/-/-,-/-/-,-/-/-,-/-/-,-/-/-,-/-/-,-/-/-,+/-/-,-/-/-,-/-/-,-/-/-,-/-/-,-/-/-,-/-/-,-/-/-,-/-/-,-/-/-,-/-/-,-/-/-,-/-/-,-/-/-,-/-/-,-/-/-,-/-/-,-/-/-,-/-/-,-/-/-,-/-/-,-/-/-,-/-/-,-/-/-,-/-/-,-/-/-,-/-/-,-/-/-,-/-/-,-/-/-,-/-/-,-/-/-,-/-/-,-/-/-,-/-/-,-/-/-,-/-/-,-/-/-,-/n/-,-/n/-,-/n/-,-/n/-,-/n/-,-/n/-,-/n/-,-/n/-,-/n/-,-/n/-,-/n/-,-/n/-,-/n/-,-/n/-,-/n/-,-/n/-,-/n/-,-/n/-,-/-/-,-/-/-,-/-/-,-/-/-,-/-/-,-/-/-,-/-/-,-/-/-,-/-/-,-/-/-,-/-/-,-/-/-,-/-/-,-/-/-,-/-/-,-/-/-,-/-/-,-/-/-,-/-/-,-/-/-,-/-/-,-/-/-,-/-/-,-/-/-,-/-/-
OD600 growth on L-Valine,val-L(e)-nh4(e),-/-/-,-/-/-,-/-/-,-/-/-,-/-/-,-/-/-,-/-/-,-/-/-,-/-/-,-/-/-,-/-/-,-/-/-,-/-/-,-/-/-,-/-/-,-/-/-,-/-/-,-/-/-,-/-/-,-/-/-,-/-/-,-/-/-,-/-/-,-/-/-,-/-/-,-/-/-,-/-/-,-/-/-,-/-/-,-/-/-,-/-/-,-/-/-,-/-/-,-/-/-,-/-/-,-/-/-,-/-/-,-/-/-,-/-/-,-/-/-,-/-/-,-/-/-,-/-/-,-/-/-,-/-/-,-/-/-,-/-/-,-/-/-,-/-/-,+/-/-,-/-/-,-/-/-,-/-/-,-/-/-,-/-/-,-/-/-,-/-/-,-/-/-,-/-/-,-/-/-,-/-/-,-/-/-,-/-/-,-/-/-,-/-/-,-/-/-,-/-/-,-/n/-,-/n/-,+/n/-,+/n/-,-/n/-,-/n/-,-/n/-,-/n/-,-/n/-,-/n/-,-/n/-,-/n/-,-/n/-,-/n/-,-/n/-,-/n/-,-/n/-,-/n/-,-/-/-,-/-/-,-/-/-,-/-/-,-/-/-,-/-/-,-/-/-,-/-/-,-/-/-,-/-/-,-/-/-,-/-/-,-/-/-,-/-/-,-/-/-,-/-/-,-/-/-,-/-/-,-/-/-,+/-/-,-/-/-,-/-/-,-/-/-,-/-/-,-/-/-
OD600 growth on a-Keto-Glutaric Acid,akg(e)-nh4(e),+/-/-,+/-/-,+/+/+,+/+/+,+/-/-,+/+/+,+/+/+,+/-/-,+/-/-,+/-/-,+/-/-,+/+/+,+/+/+,+/+/+,+/+/+,+/+/+,+/+/+,+/+/+,+/+/+,+/+/+,+/+/+,+/+/+,+/+/+,+/+/+,+/+/+,+/+/+,+/+/+,+/+/+,+/+/+,+/+/+,+/+/+,+/+/+,+/+/+,+/+/+,+/+/+,+/+/+,+/+/+,+/+/+,+/+/+,+/-/-,+/-/-,+/+/+,+/+/+,+/+/+,+/+/+,+/+/+,+/+/+,+/+/+,+/+/+,+/+/+,+/+/+,+/+/+,+/+/+,+/+/+,+/+/+,+/+/+,+/+/+,+/+/+,+/-/-,+/+/+,+/+/+,+/-/-,+/-/-,+/+/+,+/+/+,+/-/-,+/-/-,+/n/+,+/n/+,+/n/+,+/n/+,+/n/+,+/n/+,+/n/+,+/n/+,+/n/+,+/n/-,+/n/+,+/n/+,+/n/+,+/n/+,+/n/+,+/n/+,+/n/+,+/n/+,+/+/+,+/+/+,+/+/+,+/+/+,+/+/+,+/+/+,+/+/+,+/+/+,+/+/+,+/+/+,+/+/+,+/+/+,+/+/+,+/+/+,+/+/+,+/+/+,+/+/+,+/+/+,+/+/+,+/+/+,+/+/+,+/+/+,+/+/+,+/+/+,+/+/+
OD600 growth on Acetic Acid,ac(e)-nh4(e),+/-/-,+/-/-,+/+/+,+/+/+,+/-/-,+/+/+,+/+/+,+/-/-,+/-/-,+/-/-,+/-/-,+/+/+,+/+/+,+/+/+,+/+/+,+/+/+,+/+/+,+/+/+,+/+/+,+/+/+,+/+/+,+/+/+,+/+/+,+/+/+,+/+/+,+/+/+,+/+/+,+/+/+,+/+/+,+/+/+,+/+/+,+/+/+,+/+/+,+/+/+,+/+/+,+/+/+,+/+/+,+/+/+,+/+/+,+/-/-,+/-/-,+/+/+,+/+/+,+/+/+,+/+/+,+/+/+,+/+/+,+/+/+,+/+/+,+/+/+,+/+/+,-/+/+,+/+/+,-/-/-,+/+/+,+/+/+,+/+/+,+/+/+,+/-/-,+/+/+,+/+/+,+/-/-,+/-/-,+/+/+,+/+/+,+/-/-,+/-/-,+/n/+,+/n/+,+/n/+,+/n/+,+/n/+,+/n/+,+/n/+,+/n/+,+/n/+,+/n/-,+/n/+,+/n/+,+/n/+,+/n/+,+/n/+,+/n/+,+/n/+,+/n/+,+/+/+,+/+/+,+/+/+,+/+/+,+/+/+,+/+/+,+/+/+,+/+/+,+/+/+,+/+/+,+/+/+,+/+/+,+/+/+,+/+/+,+/+/+,+/+/+,+/+/+,+/+/+,+/+/+,+/+/+,+/+/+,+/+/+,+/+/+,+/+/+,+/+/+
OD600 growth on Acetoacetic Acid,acac(e)-nh4(e),+/-/-,-/-/-,-/+/+,-/+/+,-/-/-,-/+/+,+/+/+,-/-/-,+/-/-,-/-/-,+/-/-,+/+/-,+/+/+,-/+/+,-/+/+,+/+/+,+/+/+,-/+/+,-/+/+,+/+/+,-/+/+,+/+/+,+/+/+,+/+/+,-/+/+,-/+/+,-/+/+,+/+/+,-/+/+,-/+/+,+/+/+,+/+/+,-/+/+,+/+/+,+/+/+,+/+/+,+/+/+,+/+/+,+/+/+,-/-/-,-/-/-,+/+/+,+/+/+,-/+/-,-/+/+,-/+/+,-/+/+,-/+/+,-/+/+,-/+/+,+/+/+,-/+/+,-/+/+,+/+/+,-/+/+,+/+/+,-/+/+,+/+/+,-/-/-,+/+/+,-/+/+,+/-/-,-/-/-,-/+/+,+/+/+,-/-/-,-/-/-,+/n/+,-/n/-,-/n/+,-/n/+,+/n/-,-/n/+,-/n/+,+/n/+,-/n/+,-/n/-,-/n/+,-/n/+,-/n/+,-/n/+,+/n/+,+/n/+,-/n/+,-/n/+,+/+/+,+/+/+,-/+/+,+/+/+,+/+/+,-/+/+,-/+/+,-/+/+,-/+/+,-/+/+,-/+/+,-/+/-,-/+/+,-/+/+,-/+/+,-/+/+,-/+/+,+/+/+,-/+/+,+/+/-,+/+/+,-/+/+,-/+/+,+/+/+,-/+/+
OD600 growth on Pyruvic Acid,pyr(e)-nh4(e),+/-/-,+/-/-,+/+/+,+/+/+,+/-/-,+/+/+,+/+/+,+/-/-,+/-/-,+/-/-,+/-/-,+/+/+,+/+/+,+/+/+,+/+/+,+/+/+,+/+/+,+/+/+,+/+/+,+/+/+,+/+/+,+/+/+,+/+/+,+/+/+,+/+/+,+/+/+,+/+/+,+/+/+,+/+/+,+/+/+,+/+/+,+/+/+,+/+/+,+/+/+,+/+/+,+/+/+,+/+/+,+/+/+,+/+/+,+/-/-,+/-/-,+/+/+,+/+/+,+/+/+,+/+/+,+/+/+,+/+/+,+/+/+,+/+/+,+/+/+,+/+/+,+/+/+,+/+/+,+/+/+,+/+/+,+/+/+,+/+/+,+/+/+,+/-/-,+/+/+,+/+/+,+/-/-,+/-/-,+/+/+,+/+/+,+/-/-,+/-/-,+/n/+,+/n/+,+/n/+,+/n/+,+/n/+,+/n/+,+/n/+,+/n/+,+/n/+,+/n/-,+/n/+,+/n/+,+/n/+,+/n/+,+/n/+,+/n/+,+/n/+,+/n/+,+/+/+,+/+/+,+/+/+,+/+/+,+/+/+,+/+/+,+/+/+,+/+/+,+/+/+,+/+/+,+/+/+,+/+/+,+/+/+,+/+/+,+/+/+,+/+/+,+/+/+,+/+/+,+/+/+,+/+/+,+/+/+,+/+/+,+/+/+,+/+/+,+/+/+
OD600 growth on Succinic Acid,succ(e)-nh4(e),+/-/-,+/-/-,+/+/+,+/+/+,+/-/-,+/+/+,+/+/+,+/-/-,+/-/-,+/-/-,+/-/-,+/+/+,+/+/+,+/+/+,+/+/+,+/+/+,+/+/+,+/+/+,+/+/+,+/+/+,+/+/+,+/+/+,+/+/+,+/+/+,+/+/+,+/+/+,+/+/+,+/+/+,+/+/+,+/+/+,+/+/+,+/+/+,+/+/+,+/+/+,+/+/+,+/+/+,+/+/+,+/+/+,+/+/+,+/-/-,+/-/-,+/+/+,+/+/+,+/+/+,+/+/+,+/+/+,+/+/+,+/+/+,+/+/+,+/+/+,+/+/+,+/+/+,+/+/+,+/+/-,+/+/+,+/+/+,+/+/+,+/+/+,+/-/-,+/+/+,+/+/+,+/-/-,+/-/-,+/+/+,+/+/+,+/-/-,+/-/-,+/n/+,+/n/+,+/n/+,+/n/+,+/n/+,+/n/+,+/n/+,+/n/+,+/n/+,+/n/-,+/n/+,+/n/+,+/n/+,+/n/+,+/n/+,+/n/+,+/n/+,+/n/+,+/+/+,+/+/+,+/+/+,+/+/+,+/+/+,+/+/+,+/+/+,+/+/+,+/+/+,+/+/+,+/+/+,+/+/+,+/+/+,+/+/+,+/+/+,+/+/+,+/+/+,+/+/+,+/+/+,+/+/+,+/+/+,+/+/+,+/+/+,+/+/+,+/+/+
OD600 growth on Dihydroxy Acetone,dha(e)-nh4(e),-/-/-,+/-/-,-/+/+,+/+/+,-/-/-,-/+/+,+/+/+,-/-/-,-/-/-,-/-/-,-/-/-,+/+/+,+/+/+,+/+/+,-/+/+,+/+/+,+/+/+,+/+/+,+/+/+,+/+/+,+/+/+,+/+/+,+/+/+,+/+/+,+/+/+,-/+/+,-/+/+,-/+/+,-/+/+,-/+/+,+/+/+,+/+/+,+/+/+,+/+/+,-/+/+,+/+/+,-/+/+,+/+/+,+/+/+,+/-/-,+/-/-,+/+/+,+/+/+,+/+/+,+/+/+,-/+/+,+/+/+,+/+/+,+/+/+,+/+/+,+/+/+,+/+/+,+/+/+,-/+/+,+/+/+,+/+/+,+/+/+,+/+/+,+/+/+,+/+/+,+/+/+,+/-/-,+/-/-,+/+/+,+/+/+,+/-/-,-/-/-,+/n/+,+/n/+,+/n/+,+/n/+,+/n/+,-/n/+,+/n/+,+/n/+,-/n/+,-/n/-,+/n/+,+/n/+,+/n/+,+/n/+,+/n/+,+/n/+,+/n/+,+/n/+,+/+/+,+/+/+,+/+/+,+/+/+,+/+/+,+/+/+,+/+/+,+/+/+,+/+/+,-/+/+,-/+/+,+/+/+,+/+/+,+/+/+,-/+/+,+/+/+,+/+/+,+/+/+,+/+/+,+/+/+,+/+/+,+/+/+,+/+/+,-/+/+,+/+/+
OD600 growth on 2-Deoxy Adenosine,dad-2(e)-nh4(e),+/-/-,+/-/-,+/+/+,+/+/+,+/-/-,+/+/+,+/+/+,+/-/-,+/-/-,+/-/-,+/-/-,+/+/+,+/+/+,+/+/+,+/+/+,+/+/+,+/+/+,+/+/+,+/+/+,+/+/+,+/+/+,+/+/+,+/+/+,+/+/+,+/+/+,+/+/+,+/+/+,+/+/+,+/+/+,+/+/+,+/+/+,+/+/+,+/+/+,+/+/+,+/+/+,+/+/+,+/+/+,+/+/+,+/+/+,+/-/-,+/-/-,+/+/+,+/+/+,+/+/+,+/+/+,+/+/+,+/+/+,+/+/+,+/+/+,+/+/+,+/+/+,+/+/+,+/+/+,+/+/+,+/+/+,+/+/+,+/+/+,+/+/+,+/-/-,+/+/+,+/+/+,+/-/-,+/-/-,+/+/+,+/+/+,+/+/+,+/-/-,+/n/+,+/n/+,+/n/+,+/n/+,+/n/+,+/n/+,+/n/+,+/n/+,+/n/+,+/n/-,+/n/+,+/n/+,+/n/+,+/n/+,+/n/+,+/n/+,+/n/+,+/n/+,+/+/+,+/+/+,+/+/+,+/+/+,+/+/+,+/+/+,+/+/+,+/+/+,+/+/+,+/+/+,+/+/+,+/+/+,+/+/+,+/+/+,+/+/+,+/+/+,+/+/+,+/+/+,+/+/+,+/+/+,+/+/+,+/+/+,+/+/+,+/+/+,+/+/+
OD600 growth on Adenosine,adn(e)-nh4(e),-/-/-,+/-/-,+/+/+,+/+/+,+/-/-,+/+/+,+/+/+,+/-/-,+/-/-,+/-/-,+/-/-,+/+/+,+/+/+,+/+/+,+/+/+,+/+/+,+/+/+,+/+/+,+/+/+,+/+/+,+/+/+,+/+/+,+/+/+,+/+/+,+/+/+,+/+/+,+/+/+,+/+/+,+/+/+,+/+/+,+/+/+,+/+/+,+/+/+,+/+/+,+/+/+,+/+/+,+/+/+,+/+/+,+/+/+,+/-/-,+/-/-,+/+/+,+/+/+,+/+/+,+/+/+,+/+/+,+/+/+,+/+/+,+/+/+,+/+/+,+/+/+,+/+/+,+/+/+,+/+/+,+/+/+,+/+/+,+/+/+,+/+/+,+/+/+,+/+/+,+/+/+,+/-/-,+/-/-,+/+/+,+/+/+,+/+/+,+/-/-,+/n/+,+/n/+,+/n/+,+/n/+,+/n/+,+/n/+,+/n/+,+/n/+,+/n/+,+/n/-,+/n/+,+/n/+,+/n/+,+/n/+,+/n/+,+/n/+,+/n/+,+/n/+,+/+/+,+/+/+,+/+/+,+/+/+,+/+/+,+/+/+,+/+/+,+/+/+,+/+/+,+/+/+,+/+/+,+/+/+,+/+/+,+/+/+,+/+/+,+/+/+,+/+/+,+/+/+,+/+/+,+/+/+,+/+/+,+/+/+,+/+/+,+/+/+,+/+/+
OD600 growth on Inosine,ins(e)-nh4(e),+/-/-,+/-/-,+/+/+,+/+/+,+/-/-,+/+/+,+/+/+,+/-/-,+/-/-,+/-/-,+/-/-,+/+/+,+/+/+,+/+/+,+/+/+,+/+/+,+/+/+,+/+/+,+/+/+,+/+/+,+/+/+,+/+/+,+/+/+,+/+/+,+/+/+,+/+/+,+/+/+,+/+/+,+/+/+,+/+/+,+/+/+,+/+/+,+/+/+,+/+/+,+/+/+,+/+/+,+/+/+,+/+/+,+/+/+,+/-/-,+/-/-,+/+/+,+/+/+,+/+/+,+/+/+,+/+/+,+/+/+,+/+/+,+/+/+,+/+/+,+/+/+,+/+/+,+/+/+,+/+/+,+/+/+,+/+/+,+/+/+,+/+/+,+/+/+,+/+/+,+/+/+,+/-/-,+/-/-,+/+/+,+/+/+,+/+/+,+/-/-,+/n/+,+/n/+,+/n/+,+/n/+,+/n/+,+/n/+,+/n/+,+/n/+,+/n/+,+/n/-,+/n/+,+/n/+,+/n/+,+/n/+,+/n/+,+/n/+,+/n/+,+/n/+,+/+/+,+/+/+,+/+/+,+/+/+,+/+/+,+/+/+,+/+/+,+/+/+,+/+/+,+/+/+,+/+/+,+/+/+,+/+/+,+/+/+,+/+/+,+/+/+,+/+/+,+/+/+,+/+/+,+/+/+,+/+/+,+/+/+,+/+/+,+/+/+,+/+/+
OD600 growth on Thymidine,thymd(e)-nh4(e),+/-/-,+/-/-,+/-/-,+/-/-,+/-/-,+/-/-,+/-/-,+/-/-,+/-/-,+/-/-,+/-/-,+/-/-,+/-/-,+/-/-,+/-/-,+/-/-,+/-/-,+/-/-,+/-/-,+/-/-,+/-/-,+/-/-,+/-/-,+/-/-,+/-/-,+/-/-,+/-/-,+/-/-,+/-/-,+/-/-,+/-/-,+/-/-,+/-/-,+/-/-,+/-/-,+/-/-,+/-/-,+/-/-,+/-/-,+/-/-,+/-/-,+/-/-,+/-/-,+/-/-,+/-/-,+/-/-,+/-/-,+/-/-,+/-/-,+/-/-,+/-/-,+/-/-,+/-/-,+/-/-,+/-/-,+/-/-,+/-/-,+/-/-,+/-/-,+/-/-,+/-/-,+/-/-,+/-/-,+/-/-,+/-/-,+/-/-,+/-/-,+/n/-,+/n/-,+/n/-,+/n/-,+/n/-,+/n/-,+/n/-,+/n/-,+/n/-,+/n/-,+/n/-,+/n/-,+/n/-,+/n/-,+/n/-,+/n/-,+/n/-,+/n/-,+/-/-,+/-/-,+/-/-,+/-/-,+/-/-,+/-/-,+/-/-,+/-/-,+/-/-,+/-/-,+/-/-,+/-/-,+/-/-,+/-/-,+/-/-,+/-/-,+/-/-,+/-/-,+/-/-,+/-/-,+/-/-,+/-/-,+/-/-,+/-/-,+/-/-
OD600 growth on Uridine,uri(e)-nh4(e),+/-/-,+/-/-,+/+/+,+/+/+,+/-/-,+/+/+,+/+/+,+/-/-,+/-/-,+/-/-,+/-/-,+/+/+,+/+/+,+/+/+,+/+/+,+/+/+,+/+/+,+/+/+,+/+/+,+/+/+,+/+/+,+/+/+,+/+/+,+/+/+,+/+/+,+/+/+,+/+/+,+/+/+,+/+/+,+/+/+,+/+/+,+/+/+,+/+/+,+/+/+,+/+/+,+/+/+,+/+/+,+/+/+,+/+/+,+/-/-,+/-/-,+/+/+,+/+/+,+/+/+,+/+/+,+/+/+,+/+/+,+/+/+,+/+/+,+/+/+,+/+/+,+/+/+,+/+/+,+/+/+,+/+/+,+/+/+,+/+/+,+/+/+,+/+/+,+/+/+,+/+/+,+/-/-,+/-/-,+/+/+,-/+/+,+/-/-,-/-/-,+/n/+,+/n/+,+/n/+,+/n/+,+/n/+,+/n/+,+/n/+,+/n/+,+/n/+,+/n/-,+/n/+,+/n/+,+/n/+,+/n/+,+/n/+,+/n/+,+/n/+,+/n/+,+/+/+,+/+/+,+/+/+,+/+/+,+/+/+,+/+/+,+/+/+,+/+/+,+/+/+,+/+/+,+/+/+,+/+/+,+/+/+,+/+/+,+/+/+,+/+/+,+/+/+,+/+/+,+/+/+,+/+/+,+/+/+,+/+/+,+/+/+,+/+/+,+/+/+
OD600 growth on a-D-Glucose,glc-D(e)-nh4(e),-/-/-,+/-/-,+/+/+,+/+/+,+/-/-,+/+/+,+/+/+,+/-/-,+/-/-,+/-/-,+/-/-,+/+/+,+/+/+,+/+/+,+/+/+,+/+/+,+/+/+,+/+/+,+/+/+,+/+/+,+/+/+,+/+/+,+/+/+,+/+/+,+/+/+,+/+/+,+/+/+,+/+/+,+/+/+,+/+/+,+/+/+,+/+/+,+/+/+,+/+/+,+/+/+,+/+/+,+/+/+,+/+/+,+/+/+,+/-/-,+/-/-,+/+/+,+/+/+,+/+/+,+/+/+,+/+/+,+/+/+,+/+/+,+/+/+,+/+/+,+/+/+,+/+/+,+/+/+,+/+/+,+/+/+,+/+/+,+/+/+,+/+/+,+/+/+,+/+/+,+/+/+,+/+/+,+/-/-,+/+/+,+/+/+,+/-/-,+/-/-,+/n/+,+/n/+,+/n/+,+/n/+,+/n/+,+/n/+,+/n/+,+/n/+,+/n/+,+/n/-,+/n/+,+/n/+,+/n/+,+/n/+,+/n/+,+/n/+,+/n/+,+/n/+,+/+/+,+/+/+,+/+/+,+/+/+,+/+/+,+/+/+,+/+/+,+/+/+,+/+/+,+/+/+,+/+/+,+/+/+,+/+/+,+/+/+,+/+/+,+/+/+,+/+/+,+/+/+,+/+/+,+/+/+,+/+/+,+/+/+,+/+/+,+/+/+,+/+/+
OD600 growth on a-D-Lactose,lcts(e)-nh4(e),+/-/-,+/-/-,+/+/+,+/+/+,+/-/-,+/+/+,+/+/+,+/-/-,+/-/-,+/-/-,+/-/-,+/+/+,+/+/+,+/+/+,+/+/+,+/+/+,+/+/+,+/+/+,+/+/+,+/+/+,+/+/+,+/+/+,+/+/+,+/+/+,+/+/+,+/+/+,+/+/+,+/+/+,+/+/+,+/+/+,+/+/+,+/+/+,+/+/+,+/+/+,+/+/+,+/+/+,+/+/+,+/+/+,+/+/+,+/-/-,+/-/-,+/+/+,+/+/+,+/+/+,+/+/+,+/+/+,+/+/+,+/+/+,+/+/+,+/+/+,+/+/+,+/+/+,+/+/+,+/+/+,+/+/+,+/+/+,+/+/+,+/+/+,+/+/+,+/+/+,+/+/+,+/+/+,+/-/-,+/+/+,+/+/+,+/-/-,+/-/-,+/n/+,+/n/+,+/n/+,+/n/+,+/n/+,+/n/+,+/n/+,+/n/+,+/n/+,+/n/-,+/n/+,+/n/+,+/n/+,+/n/+,+/n/+,+/n/+,+/n/+,+/n/+,+/+/+,+/+/+,+/+/+,+/+/+,+/+/+,+/+/+,+/+/+,+/+/+,+/+/+,+/+/+,+/+/+,+/+/+,+/+/+,+/+/+,+/+/+,+/+/+,+/+/+,+/+/+,+/+/+,+/+/+,+/+/+,+/+/+,+/+/+,+/+/+,+/+/+
OD600 growth on Citric Acid,cit(e)-nh4(e),-/-/-,-/-/-,-/+/-,-/+/-,-/-/-,-/+/-,+/+/-,-/-/-,-/-/-,-/-/-,-/-/-,+/+/-,-/+/-,-/+/-,-/+/-,-/+/-,-/+/-,-/+/-,-/+/-,-/+/-,-/+/-,+/+/-,-/+/-,-/+/-,-/+/-,-/+/-,-/+/-,-/+/-,+/+/-,-/+/-,+/+/-,-/+/-,-/+/-,+/+/-,-/+/-,+/+/-,+/+/-,+/+/-,-/+/-,-/-/-,-/-/-,-/+/-,-/+/-,-/+/-,+/+/-,-/+/-,-/+/-,-/+/-,-/+/-,-/+/-,-/+/-,+/+/-,-/+/-,-/+/-,+/+/-,-/+/-,-/+/-,+/+/-,-/-/-,-/+/-,-/+/-,+/-/-,-/-/-,-/+/-,+/+/-,-/-/-,-/-/-,-/n/-,-/n/-,-/n/-,-/n/-,-/n/-,-/n/-,-/n/-,-/n/-,-/n/-,-/n/-,-/n/-,-/n/-,-/n/-,-/n/-,-/n/-,-/n/-,+/n/-,-/n/-,-/+/-,-/+/-,-/+/-,-/+/-,-/+/-,-/+/-,-/+/-,-/+/-,-/+/-,-/+/-,-/+/-,-/+/-,-/+/-,-/+/-,-/+/-,-/+/-,-/+/-,-/+/-,-/+/-,-/+/-,-/+/-,-/+/-,-/+/-,-/+/-,+/+/-
"OD600 growth on D,L-Malic Acid",mal-L(e)-nh4(e),+/-/-,+/-/-,+/+/+,+/+/+,+/-/-,+/+/+,+/+/+,+/-/-,+/-/-,+/-/-,+/-/-,+/+/+,+/+/+,+/+/+,+/+/+,+/+/+,+/+/+,+/+/+,+/+/+,+/+/+,+/+/+,+/+/+,+/+/+,+/+/+,+/+/+,+/+/+,+/+/+,+/+/+,+/+/+,+/+/+,+/+/+,+/+/+,+/+/+,+/+/+,+/+/+,+/+/+,+/+/+,+/+/+,+/+/+,+/-/-,+/-/-,+/+/+,+/+/+,+/+/+,+/+/+,+/+/+,+/+/+,+/+/+,+/+/+,+/+/+,+/+/+,+/+/+,+/+/+,+/+/+,+/+/+,+/+/+,+/+/+,+/+/+,+/-/-,+/+/+,+/+/+,+/-/-,+/-/-,+/+/+,+/+/+,+/-/-,+/-/-,+/n/+,+/n/+,+/n/+,+/n/+,+/n/+,+/n/+,+/n/+,+/n/+,+/n/+,+/n/-,+/n/+,+/n/+,+/n/+,+/n/+,+/n/+,+/n/+,+/n/+,+/n/+,+/+/+,+/+/+,+/+/+,+/+/+,+/+/+,+/+/+,+/+/+,+/+/+,+/+/+,+/+/+,+/+/+,+/+/+,+/+/+,+/+/+,+/+/+,+/+/+,+/+/+,+/+/+,+/+/+,+/+/+,+/+/+,+/+/+,+/+/+,+/+/+,+/+/-
OD600 growth on D-Fructose,fru(e)-nh4(e),+/-/-,+/-/-,+/+/+,+/+/+,+/-/-,+/+/+,+/+/+,+/-/-,+/-/-,+/-/-,+/-/-,+/+/+,+/+/+,+/+/+,+/+/+,+/+/+,+/+/+,+/+/+,+/+/+,+/+/+,+/+/+,+/+/+,+/+/+,+/+/+,+/+/+,+/+/+,+/+/+,+/+/+,+/+/+,+/+/+,+/+/+,+/+/+,+/+/+,+/+/+,+/+/+,+/+/+,+/+/+,+/+/+,+/+/+,+/-/-,+/-/-,+/+/+,+/+/+,+/+/+,+/+/+,+/+/+,+/+/+,+/+/+,+/+/+,+/+/+,+/+/+,+/+/+,+/+/+,+/+/+,+/+/+,+/+/+,+/+/+,+/+/+,+/+/-,+/+/+,+/+/+,+/-/-,+/-/-,+/+/+,+/+/+,+/-/-,+/-/-,+/n/+,+/n/+,+/n/+,+/n/+,+/n/+,+/n/+,+/n/+,+/n/+,+/n/+,+/n/-,+/n/+,+/n/+,+/n/+,+/n/+,+/n/+,+/n/+,+/n/+,+/n/+,+/+/+,+/+/+,+/+/+,+/+/+,+/+/+,+/+/+,+/+/+,+/+/+,+/+/+,+/+/+,+/+/+,+/+/+,+/+/+,+/+/+,+/+/+,+/+/+,+/+/+,+/+/+,+/+/+,+/+/+,+/+/+,+/+/+,+/+/+,+/+/+,+/+/+
OD600 growth on D-Galactose,gal(e)-nh4(e),+/-/-,+/-/-,+/+/+,+/+/+,+/-/-,+/+/+,+/+/+,+/-/-,+/-/-,+/-/-,+/-/-,+/+/+,+/+/+,+/+/+,+/+/+,+/+/+,+/+/+,+/+/+,+/+/+,+/+/+,+/+/+,+/+/+,+/+/+,+/+/+,+/+/+,+/+/+,+/+/+,+/+/+,+/+/+,+/+/+,+/+/+,+/+/+,+/+/+,+/+/+,+/+/+,+/+/+,+/+/+,+/+/+,+/+/+,+/-/-,+/-/-,+/+/+,+/+/+,+/+/+,+/+/+,+/+/+,+/+/+,+/+/+,+/+/+,+/+/+,+/+/+,+/+/+,+/+/+,+/+/+,+/+/+,+/+/+,+/+/+,+/+/+,+/+/+,+/+/+,+/+/+,+/+/+,+/-/-,+/+/+,+/+/+,+/-/-,+/-/-,+/n/+,+/n/+,+/n/+,+/n/+,+/n/+,+/n/+,+/n/+,+/n/+,+/n/+,+/n/-,+/n/+,+/n/+,+/n/+,+/n/+,+/n/+,+/n/+,+/n/+,+/n/+,+/+/+,+/+/+,+/+/+,+/+/+,+/+/+,+/+/+,+/+/+,+/+/+,+/+/+,+/+/+,+/+/+,+/+/+,+/+/+,+/+/+,+/+/+,+/+/+,+/+/+,+/+/+,+/+/+,+/+/+,+/+/+,+/+/+,+/+/+,+/+/+,+/+/+
OD600 growth on D-Glucose-6-Phosphate,g6p(e)-nh4(e),+/-/-,+/-/-,+/+/+,+/+/+,+/-/-,+/+/+,+/+/+,+/-/-,+/-/-,+/-/-,+/-/-,+/+/+,+/+/+,+/+/+,+/+/+,+/+/+,+/+/+,+/+/+,+/+/+,+/+/+,+/+/+,+/+/+,+/+/+,+/+/+,+/+/+,+/+/+,+/+/+,+/+/+,+/+/+,+/+/+,+/+/+,+/+/+,+/+/+,+/+/+,+/+/+,+/+/+,+/+/+,+/+/+,+/+/+,+/-/-,+/-/-,+/+/+,+/+/+,+/+/+,+/+/+,+/+/+,+/+/+,+/+/+,+/+/+,+/+/+,+/+/+,+/+/+,+/+/+,+/+/+,+/+/+,+/+/+,+/+/+,+/+/+,+/+/+,+/+/+,+/+/+,+/+/+,+/-/-,+/+/+,+/+/+,+/-/-,+/-/-,+/n/+,+/n/+,+/n/+,+/n/+,+/n/+,+/n/+,+/n/+,+/n/+,+/n/+,+/n/-,+/n/+,+/n/+,+/n/+,+/n/+,+/n/+,+/n/+,+/n/+,+/n/+,+/+/+,+/+/+,+/+/+,+/+/+,+/+/+,+/+/+,+/+/+,+/+/+,+/+/+,+/+/+,+/+/+,+/+/+,+/+/+,+/+/+,+/+/+,+/+/+,+/+/+,+/+/+,+/+/+,+/+/+,+/+/+,+/+/+,+/+/+,+/+/+,+/+/+
OD600 growth on D-Mannose,man(e)-nh4(e),+/-/-,+/-/-,+/+/+,+/+/+,+/-/-,+/+/+,+/+/+,+/-/-,+/-/-,+/-/-,+/-/-,+/+/+,+/+/+,+/+/+,+/+/+,+/+/+,+/+/+,+/+/+,+/+/+,+/+/+,+/+/+,+/+/+,+/+/+,+/+/+,+/+/+,+/+/+,+/+/+,+/+/+,+/+/+,+/+/+,+/+/+,+/+/+,+/+/+,+/+/+,+/+/+,+/+/+,+/+/+,+/+/+,+/+/+,+/-/-,+/-/-,+/+/+,+/+/+,+/+/+,+/+/+,+/+/+,+/+/+,+/+/+,+/+/+,+/+/+,+/+/+,+/+/+,+/+/+,+/+/+,+/+/+,+/+/+,+/+/+,+/+/+,+/+/-,+/+/+,+/+/+,+/-/-,+/-/-,+/+/+,+/+/+,+/-/-,+/-/-,+/n/+,+/n/+,+/n/+,+/n/+,+/n/+,+/n/+,+/n/+,+/n/+,+/n/+,+/n/-,+/n/+,+/n/+,+/n/+,+/n/+,+/n/+,+/n/+,+/n/+,+/n/+,+/+/+,+/+/+,+/+/+,+/+/+,+/+/+,+/+/+,+/+/+,+/+/+,+/+/+,+/+/+,+/+/+,+/+/+,+/+/+,+/+/+,+/+/+,+/+/+,+/+/+,+/+/+,+/+/+,+/+/+,+/+/+,+/+/+,+/+/+,+/+/+,+/+/+
OD600 growth on D-Melibiose,melib(e)-nh4(e),+/-/-,+/-/-,+/+/+,+/+/+,+/-/-,+/+/+,+/+/+,+/-/-,+/-/-,+/-/-,+/-/-,+/+/+,+/+/+,+/+/+,+/+/+,+/+/+,+/+/+,+/+/+,+/+/+,+/+/+,+/+/+,+/+/+,+/+/+,+/+/+,+/+/+,+/+/+,+/+/+,+/+/+,+/+/+,+/+/+,+/+/+,+/+/+,+/+/+,+/+/+,-/-/-,+/+/+,+/+/+,+/+/+,+/+/+,+/-/-,+/-/-,+/+/+,+/+/+,+/+/+,+/+/+,+/+/+,+/+/+,+/+/+,+/+/+,+/+/+,+/+/+,+/+/+,+/+/+,+/+/+,+/+/+,+/+/+,+/+/+,+/+/+,+/+/+,+/+/+,+/+/+,+/+/+,+/-/-,+/+/+,+/+/+,+/-/-,+/-/-,+/n/+,+/n/+,+/n/+,+/n/+,+/n/+,+/n/+,+/n/+,+/n/+,+/n/+,+/n/-,+/n/+,+/n/+,+/n/+,+/n/+,+/n/+,+/n/+,+/n/+,-/n/-,+/+/+,+/+/+,+/+/+,+/+/+,+/+/+,+/+/+,+/+/+,+/+/+,+/+/+,+/+/+,+/+/+,+/+/+,+/+/+,+/+/+,+/+/+,+/+/+,+/+/+,+/+/+,+/+/+,+/+/+,+/+/+,+/+/+,+/+/+,+/-/-,+/+/+
OD600 growth on D-Ribose,rib-D(e)-nh4(e),+/-/-,+/-/-,+/+/+,+/+/+,+/-/-,+/+/+,+/+/+,+/-/-,+/-/-,+/-/-,+/-/-,+/+/+,+/+/+,+/+/+,+/+/+,+/+/+,+/+/+,+/+/+,+/+/+,+/+/+,+/+/+,+/+/+,+/+/+,+/+/+,+/+/+,+/+/+,+/+/+,+/+/+,+/+/+,+/+/+,+/+/+,+/+/+,+/+/+,+/+/+,+/+/+,+/+/+,+/+/+,+/+/+,+/+/+,+/-/-,+/-/-,+/+/+,+/+/+,+/+/+,+/+/+,+/+/+,+/+/+,+/+/+,+/+/+,+/+/+,+/+/+,+/+/+,+/+/+,+/+/+,+/+/+,+/+/+,+/+/+,+/+/+,+/+/+,+/+/+,+/+/+,+/-/-,+/-/-,+/+/+,+/+/+,+/-/-,+/-/-,+/n/+,+/n/+,+/n/+,+/n/+,+/n/+,+/n/+,+/n/+,+/n/+,+/n/+,+/n/-,+/n/+,+/n/+,+/n/+,+/n/+,+/n/+,+/n/+,+/n/+,+/n/+,+/+/+,+/+/+,+/+/+,+/+/+,+/+/+,+/+/+,+/+/+,+/+/+,+/+/+,+/+/+,+/+/+,+/+/+,+/+/+,+/+/+,+/+/+,+/+/+,+/+/+,+/+/+,+/+/+,+/+/+,+/+/+,+/+/+,+/+/+,+/+/+,+/+/+
OD600 growth on D-Trehalose,tre(e)-nh4(e),+/-/-,+/-/-,+/+/+,+/+/+,+/-/-,+/+/+,+/+/+,+/-/-,+/-/-,+/-/-,+/-/-,+/+/+,+/+/+,+/+/+,+/+/+,+/+/+,+/+/+,+/+/+,+/+/+,+/+/+,+/+/+,+/+/+,+/+/+,+/+/+,+/+/+,+/+/+,+/+/+,+/+/+,+/+/+,+/+/+,+/+/+,+/+/+,+/+/+,+/+/+,+/+/+,+/+/+,+/+/+,+/+/+,+/+/+,+/-/-,+/-/-,+/+/+,+/+/+,+/+/+,+/+/+,+/+/+,+/+/+,+/+/+,+/+/+,+/+/+,+/+/+,+/+/+,+/+/+,+/+/+,+/+/+,+/+/+,+/+/+,+/+/+,+/+/+,+/+/+,+/+/+,+/+/+,+/-/-,+/+/+,+/+/+,+/-/-,+/-/-,+/n/+,+/n/+,+/n/+,+/n/+,+/n/+,+/n/+,+/n/+,+/n/+,+/n/+,+/n/-,+/n/+,+/n/+,+/n/+,+/n/+,+/n/+,+/n/+,+/n/+,+/n/+,+/+/+,+/+/+,+/+/+,+/+/+,+/+/+,+/+/+,+/+/+,+/+/+,+/+/+,+/+/+,+/+/+,+/+/+,+/+/+,+/+/+,+/+/+,+/+/+,+/+/+,+/+/+,+/+/+,+/+/+,+/+/+,+/+/+,+/+/+,+/+/+,+/+/+
OD600 growth on D-Xylose,xyl-D(e)-nh4(e),+/-/-,+/-/-,+/+/+,+/+/+,+/-/-,+/+/+,+/+/+,+/-/-,+/-/-,+/-/-,+/-/-,+/+/+,+/+/+,+/+/+,+/+/+,+/+/+,+/+/+,+/+/+,+/+/+,+/+/+,+/+/+,+/+/+,+/+/+,+/+/+,+/+/+,+/+/+,+/-/-,-/-/-,+/+/+,+/+/+,+/+/+,+/+/+,+/+/+,+/+/+,+/+/+,+/+/+,+/+/+,+/+/+,+/+/+,+/-/-,+/-/-,+/+/+,+/+/+,+/+/+,+/+/+,+/+/+,+/+/+,+/+/+,+/+/+,+/+/+,+/+/+,+/+/+,+/+/+,+/+/+,+/+/+,+/+/+,+/+/+,+/+/+,+/+/+,+/+/+,+/+/+,+/-/-,+/-/-,+/+/+,+/+/+,+/-/-,+/-/-,+/n/+,+/n/+,+/n/+,+/n/+,+/n/+,-/n/-,+/n/+,+/n/+,+/n/+,+/n/-,+/n/+,+/n/+,+/n/+,+/n/+,+/n/+,+/n/+,+/n/+,+/n/+,+/+/+,+/+/+,+/+/+,+/+/+,+/+/+,+/+/+,+/+/+,+/+/+,+/+/+,+/+/+,+/+/+,+/+/+,+/+/+,+/+/+,+/+/+,+/+/+,+/+/+,+/+/+,+/+/+,+/+/+,+/+/+,+/+/+,+/+/+,+/+/+,+/+/+
OD600 growth on Fumaric Acid,fum(e)-nh4(e),+/-/-,+/-/-,+/+/+,+/+/+,+/-/-,+/+/+,+/+/+,+/-/-,+/-/-,+/-/-,+/-/-,+/+/+,+/+/+,+/+/+,+/+/+,+/+/+,+/+/+,+/+/+,+/+/+,+/+/+,+/+/+,+/+/+,+/+/+,+/+/+,+/+/+,+/+/+,+/+/+,+/+/+,+/+/+,+/+/+,+/+/+,+/+/+,+/+/+,+/+/+,+/+/+,+/+/+,+/+/+,+/+/+,+/+/+,+/-/-,+/-/-,+/+/+,+/+/+,+/+/+,+/+/+,+/+/+,+/+/+,+/+/+,+/+/+,+/+/+,+/+/+,+/+/+,+/+/+,+/+/+,+/+/+,+/+/+,+/+/+,+/+/+,+/-/-,+/+/+,+/+/+,+/-/-,+/-/-,+/+/+,+/+/+,+/-/-,+/-/-,+/n/+,+/n/+,+/n/+,+/n/+,+/n/+,+/n/+,+/n/+,+/n/+,+/n/+,+/n/-,+/n/+,+/n/+,+/n/+,+/n/+,+/n/+,+/n/+,+/n/+,+/n/+,+/+/+,+/+/+,+/+/+,+/+/+,+/+/+,+/+/+,+/+/+,+/+/+,+/+/+,+/+/+,+/+/+,+/+/+,+/+/+,+/+/+,+/+/+,+/+/+,+/+/+,+/+/+,+/+/+,+/+/+,+/+/+,+/+/+,+/+/+,+/+/+,+/+/+
OD600 growth on L-Arabinose,arab-L(e)-nh4(e),+/-/-,+/-/-,+/+/+,+/+/+,+/-/-,+/+/+,+/+/+,+/-/-,+/-/-,+/-/-,+/-/-,+/+/+,+/+/+,+/+/+,+/+/+,+/+/+,+/+/+,+/+/+,+/+/+,+/+/+,+/+/+,+/+/+,+/+/+,+/+/+,+/+/+,+/+/+,+/+/+,+/+/+,+/+/+,+/+/+,+/+/+,+/+/+,+/+/+,+/+/+,+/+/+,+/+/+,+/+/+,+/+/+,+/+/+,+/-/-,+/-/-,+/+/+,+/+/+,+/+/+,+/+/+,+/+/+,+/+/+,+/+/+,+/+/+,+/+/+,+/+/+,+/+/+,+/+/+,+/+/+,+/+/+,+/+/+,+/+/+,+/+/+,+/+/+,+/+/+,+/+/+,+/-/-,+/-/-,+/+/+,+/+/+,+/-/-,+/-/-,+/n/+,+/n/+,+/n/+,+/n/+,+/n/+,+/n/+,+/n/+,+/n/+,+/n/+,+/n/-,+/n/+,+/n/+,+/n/+,+/n/+,+/n/+,+/n/+,+/n/+,+/n/+,+/+/+,+/+/+,+/+/+,+/+/+,+/+/+,+/+/+,+/+/+,+/+/+,+/+/+,+/+/+,+/+/+,+/+/+,+/+/+,+/+/+,+/+/+,+/+/+,+/+/+,+/+/+,+/+/+,+/+/+,+/+/+,+/+/+,+/+/+,+/+/+,+/+/+
OD600 growth on L-Fucose,fuc-L(e)-nh4(e),+/-/-,+/-/-,+/+/+,+/+/+,+/-/-,+/+/+,+/+/+,+/-/-,+/-/-,+/-/-,+/-/-,+/+/+,+/+/+,+/+/+,+/+/+,+/+/+,+/+/+,+/+/+,+/+/+,+/+/+,+/+/+,+/+/+,+/+/+,+/+/+,+/+/+,+/+/+,+/+/+,+/+/+,+/+/+,+/+/+,+/+/+,+/+/+,+/+/+,+/+/+,+/+/+,+/+/+,+/+/+,+/+/+,+/+/+,+/-/-,+/-/-,+/+/+,+/+/+,+/+/+,+/+/+,+/+/+,+/+/+,+/+/+,+/+/+,+/+/+,+/+/+,+/+/+,+/+/+,+/+/+,+/+/+,+/+/+,+/+/+,+/+/+,+/+/+,+/+/+,+/+/+,+/-/-,+/-/-,+/+/+,+/+/+,+/-/-,+/-/-,+/n/+,+/n/+,+/n/+,+/n/+,+/n/+,+/n/+,+/n/+,+/n/+,+/n/+,+/n/-,+/n/+,+/n/+,+/n/+,+/n/+,+/n/+,+/n/+,+/n/+,+/n/+,+/+/+,+/+/+,+/+/+,+/+/+,+/+/+,+/+/+,+/+/+,+/+/+,+/+/+,+/+/+,+/+/+,+/+/-,+/+/+,+/+/+,+/+/+,+/+/+,+/+/+,+/+/+,+/+/+,+/+/+,+/+/+,+/+/+,+/+/+,+/+/+,+/+/+
OD600 growth on L-Lactic Acid,lac-L(e)-nh4(e),+/-/-,+/-/-,+/+/+,+/+/+,+/-/-,+/+/+,+/+/+,+/-/-,+/-/-,+/-/-,+/-/-,+/+/+,+/+/+,+/+/+,+/+/+,+/+/+,+/+/+,+/+/+,+/+/+,+/+/+,+/+/+,+/+/+,+/+/+,+/+/+,+/+/+,+/+/+,+/+/+,+/+/+,+/+/+,+/+/+,+/+/+,+/+/+,+/+/+,+/+/+,+/+/+,+/+/+,+/+/+,+/+/+,+/+/+,+/-/-,+/-/-,+/+/+,+/+/+,+/+/+,+/+/+,+/+/+,+/+/+,+/+/+,+/+/+,+/+/+,+/+/+,+/+/+,+/+/+,+/+/+,+/+/+,+/+/+,+/+/+,+/+/+,+/-/-,+/+/+,+/+/+,+/-/-,+/-/-,+/+/+,+/+/+,+/-/-,+/-/-,+/n/+,+/n/+,+/n/+,+/n/+,+/n/+,+/n/+,+/n/+,+/n/+,+/n/+,+/n/-,+/n/+,+/n/+,+/n/+,+/n/+,+/n/+,+/n/+,+/n/+,+/n/+,+/+/+,+/+/+,+/+/+,+/+/+,+/+/+,+/+/+,+/+/+,+/+/+,+/+/+,+/+/+,+/+/+,+/+/-,+/+/+,+/+/+,+/+/+,+/+/+,+/+/+,+/+/+,+/+/+,+/+/+,+/+/+,+/+/+,+/+/+,+/+/+,+/+/+
OD600 growth on L-Malic Acid,mal-L(e)-nh4(e),+/-/-,+/-/-,+/+/+,+/+/+,+/-/-,+/+/+,+/+/+,+/-/-,+/-/-,+/-/-,+/-/-,+/+/+,+/+/+,+/+/+,+/+/+,+/+/+,+/+/+,+/+/+,+/+/+,+/+/+,+/+/+,+/+/+,+/+/+,+/+/+,+/+/+,+/+/+,+/+/+,+/+/+,+/+/+,+/+/+,+/+/+,+/+/+,+/+/+,+/+/+,+/+/+,+/+/+,+/+/+,+/+/+,+/+/+,+/-/-,+/-/-,+/+/+,+/+/+,+/+/+,+/+/+,+/+/+,+/+/+,+/+/+,+/+/+,+/+/+,+/+/+,+/+/+,+/+/+,+/+/+,+/+/+,+/+/+,+/+/+,+/+/+,+/-/-,+/+/+,+/+/+,+/-/-,+/-/-,+/+/+,+/+/+,+/-/-,+/-/-,+/n/+,+/n/+,+/n/+,+/n/+,+/n/+,+/n/+,+/n/+,+/n/+,+/n/+,+/n/-,+/n/+,+/n/+,+/n/+,+/n/+,+/n/+,+/n/+,+/n/+,+/n/+,+/+/+,+/+/+,+/+/+,+/+/+,+/+/+,+/+/+,+/+/+,+/+/+,+/+/+,+/+/+,+/+/+,+/+/+,+/+/+,+/+/+,+/+/+,+/+/+,+/+/+,+/+/+,+/+/+,+/+/+,+/+/+,+/+/+,+/+/+,+/+/+,+/+/-
OD600 growth on L-Rhamnose,rmn(e)-nh4(e),+/-/-,+/-/-,+/+/+,+/+/+,+/-/-,+/+/+,+/+/+,+/-/-,+/-/-,+/-/-,+/-/-,+/+/+,+/+/+,+/+/+,+/+/+,+/+/+,+/+/+,+/+/+,+/+/+,+/+/+,+/+/+,+/+/+,+/+/+,+/+/+,+/+/+,+/+/+,+/+/+,+/+/+,+/+/+,+/+/+,+/-/-,+/-/-,+/-/-,+/+/+,+/+/+,+/+/+,+/+/+,+/+/+,+/+/+,+/-/-,+/-/-,+/+/+,+/+/+,+/+/+,+/+/+,+/+/+,+/+/+,+/+/+,+/+/+,+/+/+,+/+/+,+/+/+,+/+/+,+/+/+,+/+/+,+/+/+,+/+/+,+/+/+,+/+/+,+/+/+,+/+/+,+/-/-,+/-/-,+/+/+,+/+/+,+/-/-,+/-/-,+/n/+,+/n/+,+/n/+,+/n/+,+/n/+,+/n/+,+/n/+,+/n/+,+/n/+,+/n/-,+/n/+,+/n/+,+/n/-,-/n/-,+/n/+,+/n/+,+/n/+,+/n/+,+/+/+,+/+/+,+/+/+,+/+/+,+/+/+,+/+/+,+/+/+,+/+/+,+/+/+,+/+/+,+/+/+,+/+/-,+/+/+,+/+/+,+/+/+,+/+/+,+/+/+,+/+/+,+/+/+,+/+/+,+/+/+,+/+/+,+/+/+,+/+/+,+/+/+
OD600 growth on Maltose,malt(e)-nh4(e),+/-/-,+/-/-,+/+/+,+/+/+,+/-/-,+/+/+,+/+/+,+/-/-,+/-/-,+/-/-,+/-/-,+/+/+,+/+/+,+/+/+,+/+/+,+/+/+,+/+/+,+/+/+,+/+/+,+/+/+,+/+/+,+/+/+,+/+/+,+/+/+,+/-/-,+/+/+,+/+/+,+/+/+,+/+/+,+/+/+,+/+/+,+/+/+,+/+/+,+/+/+,+/+/+,+/+/+,+/+/+,+/+/+,+/+/+,+/-/-,+/-/-,+/+/+,+/+/+,+/+/+,+/+/+,+/+/+,+/+/+,+/+/+,+/+/+,+/+/+,+/+/+,+/+/+,+/+/+,+/+/+,+/+/+,+/+/+,+/+/+,+/+/+,+/+/+,+/+/+,+/+/+,+/+/+,+/-/-,+/+/+,+/+/+,+/-/-,+/-/-,+/n/+,+/n/+,+/n/-,+/n/+,+/n/+,+/n/+,+/n/+,+/n/+,+/n/+,+/n/-,+/n/+,+/n/+,+/n/+,+/n/+,+/n/+,+/n/+,+/n/+,+/n/+,+/+/+,+/+/+,+/+/+,+/+/+,+/+/+,+/+/+,+/+/+,+/+/+,+/+/+,+/+/+,+/+/+,+/+/+,+/+/+,+/+/+,+/+/+,+/+/+,+/+/+,+/+/+,+/+/+,+/+/+,+/-/-,+/-/-,+/+/+,+/+/+,+/+/+
OD600 growth on Maltotriose,malttr(e)-nh4(e),+/-/-,+/-/-,+/+/+,+/+/+,+/-/-,+/+/+,+/+/+,+/-/-,+/-/-,+/-/-,+/-/-,+/+/+,+/+/+,+/+/+,+/+/+,+/+/+,+/+/+,+/+/+,+/+/+,+/+/+,+/+/+,+/+/+,+/+/+,+/+/+,+/-/-,+/+/+,+/+/+,+/+/+,+/+/+,+/+/+,+/+/+,+/+/+,+/+/+,+/+/+,+/+/+,+/+/+,+/+/+,+/+/+,+/+/+,+/-/-,+/-/-,+/+/+,+/+/+,+/+/+,+/+/+,+/+/+,+/+/+,+/+/+,+/+/+,+/+/+,+/+/+,+/+/+,+/+/+,+/+/+,+/+/+,+/+/+,+/+/+,+/+/+,+/+/+,+/+/+,+/+/+,+/+/+,+/-/-,+/+/+,+/+/+,+/-/-,+/-/-,+/n/+,+/n/+,+/n/-,+/n/+,+/n/+,+/n/+,+/n/+,+/n/+,+/n/+,+/n/-,+/n/+,+/n/+,+/n/+,+/n/+,+/n/+,+/n/+,+/n/+,+/n/+,+/+/+,+/+/+,+/+/+,+/+/+,+/+/+,+/+/+,+/+/+,+/+/+,+/+/+,+/+/+,+/+/+,+/+/+,+/+/+,+/+/+,+/+/+,+/+/+,+/+/+,+/+/+,+/+/+,+/+/+,+/-/-,+/-/-,+/+/+,+/+/+,+/+/+
OD600 growth on Sucrose,sucr(e)-nh4(e),-/-/-,-/-/-,+/+/-,-/+/-,+/-/-,-/+/-,+/+/-,-/-/-,+/-/-,+/-/-,-/-/-,+/+/-,-/+/-,-/+/-,-/+/-,-/+/-,-/+/-,-/+/-,-/+/-,-/+/-,-/+/-,-/+/-,-/+/-,-/+/-,-/+/-,-/+/-,-/+/-,+/-/-,-/+/-,-/+/-,+/+/-,+/+/-,-/+/-,+/+/-,-/+/-,-/+/-,+/+/-,-/+/-,-/+/-,-/-/-,-/-/-,-/+/-,-/+/-,-/+/-,-/+/-,+/+/-,+/+/-,-/+/-,+/+/-,-/+/-,+/+/-,-/+/-,-/+/-,-/+/-,+/+/-,+/+/-,-/+/-,+/+/-,-/+/-,-/+/-,-/+/-,-/+/-,+/-/-,+/+/-,-/+/-,-/-/-,+/-/-,-/n/-,-/n/-,+/n/-,+/n/-,-/n/-,-/n/-,-/n/-,-/n/-,+/n/-,-/n/-,+/n/-,+/n/-,+/n/-,-/n/-,-/n/-,-/n/-,+/n/-,-/n/-,-/+/-,-/+/-,-/+/-,-/+/-,+/+/-,-/+/-,+/+/-,-/+/-,-/+/-,-/+/-,+/+/-,-/+/-,-/+/-,-/+/-,-/+/-,-/+/-,+/+/-,+/+/-,-/+/-,-/+/-,+/+/-,-/+/-,-/+/-,+/+/-,+/+/-
"OD600 growth on 1,2-Propanediol",12ppd-S(e)-nh4(e),-/-/-,-/-/-,-/+/-,-/+/-,-/-/-,-/+/-,-/+/-,-/-/-,-/-/-,-/-/-,-/-/-,-/+/-,-/+/-,-/+/-,-/+/-,-/+/-,-/+/-,-/+/-,-/+/-,-/+/-,-/+/-,-/+/-,-/+/-,-/+/-,-/+/-,-/+/-,-/+/-,-/+/-,-/+/-,-/+/-,-/+/-,-/+/-,-/+/-,-/+/-,-/+/-,-/+/-,+/+/-,-/+/-,-/+/-,-/-/-,-/-/-,+/+/-,-/+/-,-/+/-,-/+/-,-/+/-,-/+/-,-/+/-,+/+/-,-/+/-,-/+/-,+/+/-,-/+/-,-/-/-,-/+/-,-/+/-,-/+/-,-/+/-,+/-/-,-/+/-,-/+/-,-/-/-,-/-/-,+/+/-,-/+/-,-/-/-,-/-/-,-/n/-,-/n/-,-/n/-,-/n/-,-/n/-,-/n/-,-/n/-,-/n/-,-/n/-,+/n/-,-/n/-,-/n/-,-/n/-,-/n/-,-/n/-,-/n/-,-/n/-,-/n/-,-/+/-,-/+/-,-/+/-,+/+/-,-/+/-,-/+/-,-/+/-,-/+/-,-/+/-,-/+/-,-/+/-,-/+/-,-/+/-,-/+/-,-/+/-,-/+/-,-/+/-,-/+/-,-/+/-,-/+/-,-/+/-,-/+/-,-/+/-,-/+/-,-/+/-
OD600 growth on D-Galacturonic Acid,galur(e)-nh4(e),+/-/-,+/-/-,+/+/+,+/+/+,+/-/-,+/+/+,+/+/+,+/-/-,+/-/-,+/-/-,+/-/-,+/+/+,+/+/+,+/+/+,+/+/+,+/+/+,+/+/+,+/+/+,+/+/+,+/+/+,+/+/+,+/+/+,-/-/-,+/+/+,+/+/+,+/+/+,+/+/+,+/+/+,+/+/+,+/+/+,+/+/+,+/+/+,+/+/+,+/+/+,+/+/+,+/+/+,+/+/+,+/+/+,+/+/+,+/-/-,+/-/-,+/+/+,+/+/+,+/+/+,+/+/+,+/+/+,+/+/+,+/+/+,+/+/+,+/+/+,+/+/+,+/+/+,+/+/+,+/+/+,+/+/+,+/+/+,+/+/+,+/+/+,+/-/-,+/+/+,+/+/+,+/-/-,+/-/-,+/+/+,+/+/+,+/-/-,+/-/-,+/n/+,+/n/+,+/n/+,+/n/+,+/n/+,+/n/+,+/n/+,+/n/+,+/n/+,+/n/-,+/n/+,+/n/+,+/n/+,+/n/+,+/n/+,+/n/+,+/n/+,+/n/+,-/-/-,+/+/+,+/+/+,+/+/+,+/+/+,+/+/+,+/+/+,+/+/+,+/+/+,+/+/+,+/+/+,+/+/+,+/+/+,+/+/+,+/+/+,+/+/+,+/+/+,+/+/+,+/+/+,+/+/+,+/+/+,+/+/+,+/+/+,+/+/+,+/+/+
OD600 growth on D-Gluconic Acid,glcn(e)-nh4(e),+/-/-,+/-/-,+/+/+,+/+/+,+/-/-,+/+/+,+/+/+,+/-/-,+/-/-,+/-/-,+/-/-,+/+/+,+/+/+,+/+/+,+/+/+,+/+/+,+/+/+,+/+/+,+/+/+,+/+/+,+/+/+,+/+/+,+/+/+,+/+/+,+/+/+,+/+/+,+/+/+,+/+/+,+/+/+,+/+/+,+/+/+,+/+/+,+/+/+,+/+/+,+/+/+,+/+/+,+/+/+,+/+/+,+/+/+,+/-/-,+/-/-,+/+/+,+/+/+,+/+/+,+/+/+,+/+/+,+/+/+,+/+/+,+/+/+,+/+/+,+/+/+,+/+/+,+/+/+,+/+/+,+/+/+,+/+/+,+/+/+,+/+/+,+/+/+,+/+/+,+/+/+,+/-/-,+/-/-,+/+/+,+/+/+,+/-/-,+/-/-,+/n/+,+/n/+,+/n/+,+/n/+,+/n/+,+/n/+,+/n/+,+/n/+,+/n/+,+/n/-,+/n/+,+/n/+,+/n/+,+/n/+,+/n/+,+/n/+,+/n/+,+/n/+,+/+/+,+/+/+,+/+/+,+/+/-,+/+/+,+/+/+,+/+/+,+/+/+,+/+/+,+/+/+,+/+/+,+/+/+,+/+/+,+/+/+,+/+/+,+/+/+,+/+/+,+/+/+,+/+/+,+/+/+,+/+/+,+/+/+,+/+/+,+/+/+,+/+/+
OD600 growth on D-Glucuronic Acid,glcur(e)-nh4(e),+/-/-,+/-/-,+/+/+,+/+/+,+/-/-,+/+/+,+/+/+,+/-/-,+/-/-,+/-/-,+/-/-,+/+/+,+/+/+,+/+/+,+/+/+,+/+/+,+/+/+,+/+/+,+/+/+,+/+/+,+/+/+,+/+/+,+/+/+,+/+/+,+/+/+,+/+/+,+/+/+,+/+/+,+/+/+,+/+/+,+/+/+,+/+/+,+/+/+,+/+/+,+/+/+,+/+/+,+/+/+,+/+/+,+/+/+,+/-/-,+/-/-,+/+/+,+/+/+,+/+/+,+/+/+,+/+/+,+/+/+,+/+/+,+/+/+,+/+/+,+/+/+,+/+/+,+/+/+,+/+/+,+/+/+,+/+/+,+/+/+,+/+/+,+/-/-,+/+/+,+/+/+,+/-/-,+/-/-,+/+/+,+/+/+,+/-/-,+/-/-,+/n/+,+/n/+,+/n/+,+/n/+,+/n/+,+/n/+,+/n/+,+/n/+,+/n/+,+/n/-,+/n/+,+/n/+,+/n/+,+/n/+,+/n/+,+/n/+,+/n/+,+/n/+,-/+/+,+/+/+,+/+/+,+/+/+,+/+/+,+/+/+,+/+/+,+/+/+,+/+/+,+/+/+,+/+/+,+/+/+,+/+/+,+/+/+,+/+/+,+/+/+,+/+/+,+/+/+,+/+/+,+/+/+,+/+/+,+/+/+,+/+/+,+/+/+,+/+/+
OD600 growth on D-Mannitol,mnl(e)-nh4(e),-/-/-,+/-/-,+/+/+,+/+/+,+/-/-,+/+/+,+/+/+,+/-/-,+/-/-,+/-/-,+/-/-,+/+/+,+/+/+,+/+/+,+/+/+,+/+/+,+/+/+,+/+/+,+/+/+,+/+/+,+/+/+,+/+/+,+/+/+,+/+/+,+/+/+,+/+/+,+/+/+,+/+/+,+/+/+,-/-/-,+/+/+,+/+/+,+/+/+,+/+/+,+/+/+,+/+/+,+/+/+,+/+/+,+/+/+,+/-/-,+/-/-,+/+/+,+/+/+,+/+/+,+/+/+,+/+/+,+/+/+,+/+/+,+/+/+,+/+/+,+/+/+,+/+/+,+/+/+,+/+/+,+/+/+,+/+/+,+/+/+,+/+/+,+/+/+,+/+/+,+/+/+,+/-/-,+/-/-,+/+/+,+/+/+,+/-/-,+/-/-,+/n/+,+/n/+,+/n/+,+/n/+,+/n/+,+/n/+,+/n/+,+/n/+,+/n/+,+/n/-,+/n/+,+/n/+,+/n/+,+/n/+,+/n/+,+/n/+,+/n/+,+/n/+,+/+/+,+/+/+,+/+/+,+/+/+,+/+/+,+/+/+,+/+/+,+/+/+,+/+/+,+/+/+,+/+/+,+/+/+,+/+/+,+/+/+,+/+/+,+/+/+,+/+/+,+/+/+,+/+/+,+/+/+,+/+/+,+/+/+,+/+/+,+/+/+,+/+/+
OD600 growth on D-Sorbitol,sbt-D(e)-nh4(e),+/-/-,+/-/-,+/+/+,+/+/+,+/-/-,+/+/+,+/+/+,+/-/-,+/-/-,+/-/-,+/-/-,+/+/+,+/+/+,+/+/+,+/+/+,+/+/+,+/+/+,+/+/+,+/+/+,+/+/+,+/+/+,+/+/+,+/+/+,+/+/+,+/+/+,+/+/+,+/+/+,+/+/+,+/+/+,-/+/+,+/+/+,+/+/+,+/+/+,+/+/+,+/+/+,+/+/+,+/+/+,+/+/+,+/+/+,+/-/-,+/-/-,+/+/+,+/+/+,+/+/+,+/+/+,+/+/+,+/+/+,+/+/+,+/+/+,+/+/+,+/+/+,+/+/+,+/+/+,+/+/+,+/+/+,+/+/+,+/+/+,+/+/+,+/+/+,+/+/+,+/+/+,+/-/-,+/-/-,+/+/+,+/+/+,+/-/-,+/-/-,+/n/+,+/n/+,+/n/+,+/n/+,+/n/+,+/n/+,+/n/+,+/n/+,+/n/+,+/n/-,+/n/+,+/n/+,+/n/+,+/n/+,+/n/+,+/n/+,+/n/+,+/n/+,+/+/+,+/+/+,+/+/+,+/+/+,+/+/+,+/+/+,+/+/+,+/+/+,+/+/+,+/+/+,+/+/+,+/+/+,+/+/+,+/+/+,+/+/+,+/+/+,+/+/+,+/+/+,+/+/+,+/+/+,+/+/+,+/+/+,+/+/+,+/+/+,+/+/+
OD600 growth on Formic Acid,for(e)-nh4(e),+/-/-,+/-/-,+/-/-,+/-/-,+/-/-,+/-/-,+/-/-,+/-/-,+/-/-,+/-/-,+/-/-,+/-/-,+/-/-,+/-/-,+/-/-,+/-/-,+/-/-,+/-/-,+/-/-,+/-/-,+/-/-,+/-/-,+/-/-,+/-/-,+/-/-,+/-/-,+/-/-,+/-/-,+/-/-,+/-/-,+/-/-,+/-/-,+/-/-,+/-/-,+/-/-,+/-/-,+/-/-,+/-/-,+/-/-,+/-/-,+/-/-,+/-/-,+/-/-,+/-/-,+/-/-,+/-/-,+/-/-,+/-/-,+/-/-,+/-/-,+/-/-,+/-/-,-/-/-,+/-/-,-/-/-,-/-/-,-/-/-,+/-/-,+/-/-,+/-/-,+/-/-,+/-/-,+/-/-,+/-/-,+/-/-,+/-/-,+/-/-,+/n/-,+/n/-,-/n/-,-/n/-,+/n/-,+/n/-,+/n/-,+/n/-,+/n/-,+/n/-,+/n/-,+/n/-,+/n/-,+/n/-,+/n/-,+/n/-,+/n/-,+/n/-,+/-/-,+/-/-,+/-/-,+/-/-,+/-/-,+/-/-,+/-/-,+/-/-,+/-/-,+/-/-,+/-/-,+/-/-,+/-/-,+/-/-,+/-/-,+/-/-,+/-/-,+/-/-,+/-/-,+/-/-,+/-/-,+/-/-,+/-/-,+/-/-,+/-/-
OD600 growth on Glycerol,glyc(e)-nh4(e),+/-/-,+/-/-,+/+/+,+/+/+,+/-/-,+/+/+,+/+/+,+/-/-,+/-/-,+/-/-,+/-/-,+/+/+,+/+/+,+/+/+,+/+/+,+/+/+,+/+/+,+/+/+,+/+/+,+/+/+,+/+/+,+/+/+,+/+/+,+/+/+,+/+/+,+/+/+,+/+/+,+/+/+,+/+/+,+/+/+,+/+/+,+/+/+,+/+/+,+/+/+,+/+/+,+/+/+,+/+/+,+/+/+,+/+/+,+/-/-,+/-/-,+/+/+,+/+/+,+/+/+,+/+/+,+/+/+,+/+/+,+/+/+,+/+/+,+/+/+,+/+/+,+/+/+,+/+/+,+/+/+,+/+/+,+/+/+,+/+/+,+/+/+,+/+/+,+/+/+,+/+/+,+/-/-,+/-/-,+/+/+,+/+/+,+/-/-,+/-/-,+/n/+,+/n/+,+/n/+,+/n/+,+/n/+,+/n/+,+/n/+,+/n/+,+/n/+,+/n/-,+/n/+,+/n/+,+/n/+,+/n/+,+/n/+,+/n/+,+/n/+,+/n/+,+/+/+,+/+/+,+/+/+,+/+/+,+/+/+,+/+/+,+/+/+,+/+/+,+/+/+,+/+/+,+/+/+,+/+/+,+/+/+,+/+/+,+/+/+,+/+/+,+/+/+,+/+/+,+/+/+,+/-/-,+/+/+,+/+/+,+/+/+,+/+/+,+/+/+
OD600 growth on Glycolic Acid,glyclt(e)-nh4(e),+/-/-,+/-/-,+/+/+,+/+/+,+/-/-,+/+/+,+/+/+,+/-/-,+/-/-,+/-/-,+/-/-,+/+/+,+/+/+,+/+/+,+/+/+,+/+/+,+/+/+,+/+/+,+/+/+,+/+/+,+/+/+,+/+/+,+/+/+,+/+/+,+/+/+,+/+/+,+/+/+,+/+/+,+/+/+,+/+/+,+/+/+,+/+/+,+/+/+,+/+/+,+/+/+,+/+/+,+/+/+,+/+/+,+/+/+,+/-/-,+/-/-,+/+/+,+/+/+,+/+/+,+/+/+,+/+/+,+/+/+,+/+/+,+/+/+,+/+/+,+/+/+,+/+/+,+/+/+,+/-/-,+/+/+,+/+/+,+/+/+,+/+/+,+/-/-,+/+/+,+/+/+,+/-/-,+/-/-,+/+/+,+/+/+,+/-/-,+/-/-,+/n/+,+/n/+,+/n/+,+/n/+,+/n/+,+/n/+,+/n/+,+/n/+,+/n/+,+/n/-,+/n/+,+/n/+,+/n/+,+/n/+,+/n/+,+/n/+,+/n/+,+/n/+,+/+/+,+/+/+,+/+/+,+/+/+,+/+/+,+/+/+,+/+/+,+/+/+,+/+/+,+/+/+,+/+/+,+/+/+,+/+/+,+/+/+,+/+/+,+/+/+,+/+/+,+/+/+,+/+/+,+/+/+,+/+/+,+/+/+,+/+/+,+/+/+,+/+/+
OD600 growth on N-Acetyl-b-D-Mannosamine,acmana(e)-nh4(e),+/-/-,+/-/-,+/+/+,+/+/+,+/-/-,+/+/+,+/+/+,+/-/-,+/-/-,+/-/-,+/-/-,+/+/+,+/+/+,+/+/+,+/+/+,+/+/+,+/+/+,+/+/+,+/+/+,+/+/+,+/+/+,+/+/+,+/+/+,+/+/+,+/+/+,+/+/+,+/+/+,+/+/+,+/+/+,+/+/+,+/+/+,+/+/+,+/+/+,+/+/+,+/+/+,+/+/+,+/+/+,+/+/+,+/+/+,+/-/-,+/-/-,+/+/+,+/+/+,+/+/+,+/+/+,+/+/+,+/+/+,+/+/+,+/+/+,+/+/+,+/+/+,+/+/+,+/+/+,+/+/+,+/+/+,+/+/+,+/+/+,+/+/+,+/+/+,+/+/+,+/+/+,+/-/-,+/-/-,+/+/+,+/+/+,+/-/-,+/-/-,+/n/+,+/n/+,-/n/+,+/n/+,+/n/+,+/n/+,+/n/+,+/n/+,+/n/+,+/n/-,+/n/+,+/n/+,+/n/+,+/n/+,+/n/+,+/n/+,+/n/+,+/n/+,+/+/+,+/+/+,+/+/+,+/+/+,+/+/+,+/+/+,+/+/+,+/+/+,+/+/+,+/+/+,+/+/+,+/+/+,+/+/+,+/+/+,+/+/+,+/+/+,+/+/+,+/+/+,+/+/+,+/+/+,+/+/+,+/+/+,+/+/+,+/+/+,+/+/+
OD600 growth on N-Acetyl-D-Glucosamine,acgam(e)-nh4(e),-/-/-,+/-/-,+/+/+,+/+/+,+/-/-,+/+/+,+/+/+,+/-/-,+/-/-,+/-/-,+/-/-,+/+/+,+/+/+,+/+/+,+/+/+,+/+/+,+/+/+,+/+/+,+/+/+,+/+/+,+/+/+,+/+/+,+/+/+,+/+/+,+/+/+,+/+/+,+/+/+,+/+/+,+/+/+,+/+/+,+/+/+,+/+/+,+/+/+,+/+/+,+/+/+,+/+/+,+/+/+,+/+/+,+/+/+,+/-/-,+/-/-,+/+/+,+/+/+,+/+/+,+/+/+,+/+/+,+/+/+,+/+/+,+/+/+,+/+/+,+/+/+,+/+/+,+/+/+,+/+/+,+/+/+,+/+/+,+/+/+,+/+/+,+/+/+,+/+/+,+/+/+,+/-/-,+/-/-,+/+/+,+/+/+,+/-/-,+/-/-,+/n/+,+/n/+,+/n/+,+/n/+,+/n/+,+/n/+,+/n/+,+/n/+,+/n/+,+/n/-,+/n/+,+/n/+,+/n/+,+/n/+,+/n/+,+/n/+,+/n/+,+/n/+,+/+/+,+/+/+,+/+/+,+/+/+,+/+/+,+/+/+,+/+/+,+/+/+,+/+/+,+/+/+,+/+/+,+/+/+,+/+/+,+/+/+,+/+/+,+/+/+,+/+/+,+/+/+,+/+/+,+/+/+,+/+/+,+/+/+,+/+/+,+/+/+,+/+/+
OD600 growth on Butyric Acid,but(e)-nh4(e),-/-/-,-/-/-,-/+/-,-/+/-,-/-/-,-/+/-,-/+/-,-/-/-,-/-/-,-/-/-,-/-/-,-/+/-,-/+/-,-/+/-,-/+/-,-/+/-,-/+/-,-/+/-,-/+/-,-/+/-,-/+/-,-/+/-,-/+/-,-/+/-,-/+/-,-/+/-,-/+/-,-/+/-,-/+/-,-/+/-,-/+/-,-/+/-,-/+/-,-/+/-,-/+/-,-/+/-,-/+/-,-/+/-,-/+/-,-/-/-,-/-/-,+/+/-,-/+/-,-/+/-,-/+/-,-/+/-,-/+/-,-/+/-,-/+/-,-/+/-,-/+/-,-/+/-,-/+/-,-/+/-,-/+/-,-/+/-,-/+/-,-/+/-,-/-/-,-/+/-,-/+/-,-/-/-,-/-/-,-/+/-,-/+/-,-/-/-,-/-/-,-/n/-,-/n/-,+/n/-,+/n/-,-/n/-,-/n/-,-/n/-,-/n/-,-/n/-,-/n/-,-/n/-,-/n/-,-/n/-,-/n/-,-/n/-,-/n/-,-/n/-,-/n/-,-/+/-,-/+/-,-/+/-,-/+/-,-/+/-,-/+/-,-/+/-,-/+/-,-/+/-,-/+/-,-/+/-,-/+/-,-/+/-,-/+/-,-/+/-,-/+/-,-/+/-,-/+/-,-/+/-,-/+/-,-/+/-,-/+/-,-/+/-,-/+/-,-/+/-
"OD600 growth on D,L-Carnitine",crn(e)-nh4(e),-/-/-,-/-/-,-/-/-,-/-/-,-/-/-,-/-/-,-/-/-,-/-/-,-/-/-,-/-/-,-/-/-,-/-/-,-/-/-,-/-/-,-/-/-,-/-/-,-/-/-,-/-/-,-/-/-,-/-/-,-/-/-,-/-/-,-/-/-,-/-/-,-/-/-,-/-/-,-/-/-,-/-/-,-/-/-,-/-/-,-/-/-,-/-/-,-/-/-,-/-/-,-/-/-,-/-/-,-/-/-,-/-/-,-/-/-,-/-/-,-/-/-,-/-/-,-/-/-,-/-/-,-/-/-,-/-/-,-/-/-,-/-/-,-/-/-,+/-/-,-/-/-,-/-/-,-/-/-,-/-/-,+/-/-,-/-/-,-/-/-,-/-/-,+/-/-,-/-/-,-/-/-,-/-/-,-/-/-,-/-/-,-/-/-,-/-/-,-/-/-,-/n/-,+/n/-,+/n/-,+/n/-,-/n/-,-/n/-,-/n/-,-/n/-,-/n/-,-/n/-,-/n/-,-/n/-,-/n/-,-/n/-,-/n/-,-/n/-,-/n/-,-/n/-,-/-/-,-/-/-,-/-/-,-/-/-,+/-/-,-/-/-,-/-/-,-/-/-,-/-/-,-/-/-,-/-/-,-/-/-,-/-/-,-/-/-,-/-/-,-/-/-,-/-/-,-/-/-,-/-/-,+/-/-,-/-/-,-/-/-,-/-/-,-/-/-,-/-/-
OD600 growth on L-Tartaric Acid,tartr-L(e)-nh4(e),-/-/-,-/-/-,+/+/-,-/+/-,-/-/-,+/+/-,-/+/-,+/-/-,-/-/-,-/-/-,+/-/-,+/+/-,-/+/-,+/+/-,-/+/-,-/+/-,-/+/-,-/+/-,-/+/-,-/+/-,-/+/-,+/+/-,-/+/-,-/+/-,-/+/-,-/+/-,-/+/-,+/+/-,-/+/-,-/+/-,-/+/-,-/+/-,+/+/-,-/+/-,+/+/-,-/+/-,-/+/-,-/+/-,-/+/-,-/-/-,-/-/-,-/+/-,-/+/-,-/+/-,-/+/-,-/+/-,+/+/-,-/+/-,-/+/-,-/+/-,-/+/-,-/+/-,-/+/-,+/+/-,-/+/-,-/+/-,-/+/-,-/+/-,-/-/-,+/+/-,-/+/-,+/-/-,-/-/-,-/+/-,-/+/-,-/-/-,+/-/-,-/n/-,-/n/-,-/n/-,-/n/-,-/n/-,-/n/-,+/n/-,-/n/-,-/n/-,-/n/-,-/n/-,-/n/-,-/n/-,-/n/-,-/n/-,-/n/-,-/n/-,+/n/-,-/+/-,-/+/-,-/+/-,-/+/-,-/+/-,-/+/-,-/+/-,-/+/-,-/+/-,-/+/-,-/+/-,-/+/-,-/+/-,+/+/-,-/+/-,+/+/-,-/+/-,-/+/-,-/+/-,-/+/-,-/+/-,+/+/-,-/+/-,-/+/-,+/+/-
OD600 growth on N-Acetyl-Neuraminic Acid,acnam(e)-nh4(e),+/-/-,+/-/-,+/+/+,+/+/+,+/-/-,+/+/+,+/+/+,+/-/-,+/-/-,+/-/-,+/-/-,+/+/+,+/+/+,+/+/+,+/+/+,+/+/+,+/+/+,+/+/+,+/+/+,+/+/+,+/+/+,+/+/+,+/+/+,+/+/+,+/+/+,+/+/+,+/+/+,+/+/+,+/+/+,+/+/+,+/+/+,+/+/+,+/+/+,+/+/+,+/+/+,+/+/+,+/+/+,-/-/-,-/-/-,+/-/-,+/-/-,+/+/+,+/+/+,+/+/+,+/+/+,+/+/+,+/+/+,+/+/+,+/+/+,+/+/+,+/+/+,+/+/+,+/+/+,+/+/+,+/+/+,+/+/+,+/+/+,+/+/+,+/+/+,+/+/+,+/+/+,+/-/-,+/-/-,+/+/+,+/+/+,+/-/-,+/-/-,+/n/+,+/n/+,+/n/+,+/n/+,+/n/+,+/n/+,+/n/+,+/n/+,+/n/+,+/n/-,+/n/+,+/n/+,+/n/+,+/n/+,+/n/+,+/n/+,+/n/+,+/n/+,+/+/+,+/+/+,+/+/+,+/+/+,+/+/+,+/+/+,+/+/+,+/+/+,+/+/+,+/+/+,+/+/+,+/+/+,+/+/+,+/+/+,+/+/+,+/+/+,+/+/+,+/+/+,+/+/+,+/+/+,+/+/+,+/+/+,+/+/+,+/+/+,+/+/+
OD600 growth on Putrescine,ptrc(e)-nh4(e),-/-/-,+/-/-,-/+/+,+/+/+,-/-/-,-/+/+,+/+/+,+/-/-,+/-/-,+/-/-,+/-/-,-/+/+,-/+/+,+/+/+,-/+/+,+/+/+,+/+/+,+/+/+,-/+/+,-/+/+,-/+/+,-/+/+,+/+/+,-/+/+,-/+/+,+/+/+,-/+/+,+/+/+,-/+/+,-/+/+,+/+/+,-/+/+,+/+/+,-/+/+,-/+/+,+/+/+,-/+/+,+/+/+,+/+/+,-/-/-,+/-/-,-/+/+,+/+/+,-/+/+,-/+/+,-/+/+,-/+/+,-/+/+,-/+/+,+/+/+,+/+/+,-/+/+,-/+/+,-/-/-,+/+/+,-/+/+,-/+/+,-/+/+,-/-/-,+/+/+,+/+/+,-/-/-,-/-/-,-/+/+,+/+/+,-/-/-,+/-/-,+/n/+,-/n/+,-/n/+,+/n/+,-/n/+,-/n/+,-/n/+,+/n/+,-/n/+,-/n/-,+/n/+,+/n/+,-/n/+,+/n/+,+/n/+,+/n/+,-/n/+,+/n/+,-/+/+,-/+/+,-/+/+,+/+/+,+/+/+,-/+/+,+/+/+,-/+/+,-/+/+,-/+/+,-/+/+,-/+/+,+/+/+,-/+/+,-/+/+,-/+/+,-/+/+,+/+/+,-/+/+,+/+/+,-/+/+,-/+/+,-/+/+,-/+/+,-/+/+
OD600 growth on Ala-Asp,ala-L(e)-asp-L(e)-succ(e),-/-/-,+/-/-,+/+/+,+/+/+,-/-/-,-/+/+,+/+/+,-/-/-,+/-/-,+/-/-,+/-/-,+/+/+,+/+/+,+/+/+,+/+/+,+/+/+,+/+/+,+/+/+,+/+/+,+/+/+,+/+/+,+/+/+,+/+/+,+/+/+,+/+/+,+/+/+,+/+/+,+/+/+,+/+/+,+/+/+,+/+/+,+/+/+,+/+/+,+/+/+,+/+/+,+/+/+,+/+/+,+/+/+,+/+/+,+/-/-,+/-/-,+/+/+,+/+/+,+/+/+,+/+/+,+/+/+,+/+/+,+/+/+,+/+/+,+/+/+,+/+/+,+/+/+,+/+/+,+/+/+,+/+/+,+/+/+,+/+/+,+/+/+,+/-/-,+/+/+,+/+/+,+/-/-,+/-/-,+/+/+,+/+/+,+/-/-,+/-/-,+/n/+,+/n/+,+/n/+,+/n/+,+/n/+,+/n/+,+/n/+,+/n/+,+/n/+,+/n/-,+/n/+,+/n/+,+/n/+,+/n/+,+/n/+,+/n/+,+/n/+,+/n/+,+/+/+,+/+/+,+/+/+,+/+/+,+/+/+,+/+/+,+/+/+,+/+/+,+/+/+,+/+/+,+/+/+,+/+/+,+/+/+,+/+/+,+/+/+,+/+/+,+/+/+,+/+/+,+/+/+,+/+/+,+/+/+,+/+/+,+/+/+,+/+/+,+/+/+
OD600 growth on Ala-Gln,ala-L(e)-gln-L(e)-succ(e),-/-/-,+/-/-,+/+/+,+/+/+,+/-/-,-/+/+,+/+/+,-/-/-,+/-/-,-/-/-,+/-/-,+/+/+,+/+/+,+/+/+,+/+/+,+/+/+,+/+/+,+/+/+,+/+/+,+/+/+,+/+/+,+/+/+,+/+/+,+/+/+,+/+/+,+/+/+,+/+/+,+/+/+,+/+/+,+/+/+,+/+/+,+/+/+,+/+/+,+/+/+,+/+/+,+/+/+,-/+/+,+/+/+,+/+/+,+/-/-,+/-/-,+/+/+,+/+/+,+/+/+,+/+/+,+/+/+,+/+/+,+/+/+,+/+/+,+/+/+,+/+/+,+/+/+,+/+/+,+/+/+,+/+/+,+/+/+,+/+/+,+/+/+,+/-/-,+/+/+,+/+/+,+/-/-,+/-/-,+/+/+,+/+/+,+/-/-,-/-/-,+/n/+,+/n/+,+/n/+,+/n/+,+/n/+,+/n/+,+/n/+,+/n/+,+/n/+,+/n/-,+/n/+,+/n/+,+/n/+,+/n/+,+/n/+,+/n/+,+/n/+,+/n/+,+/+/+,+/+/+,+/+/+,+/+/+,+/+/+,+/+/+,+/+/+,+/+/+,+/+/+,+/+/+,+/+/+,+/+/+,+/+/+,+/+/+,+/+/+,+/+/+,+/+/+,+/+/+,+/+/+,+/+/+,+/+/+,+/+/+,+/+/+,+/+/+,+/+/+
OD600 growth on Ala-Glu,ala-L(e)-glu-L(e)-succ(e),-/-/-,+/-/-,+/+/+,+/+/+,-/-/-,-/+/+,+/+/+,-/-/-,+/-/-,+/-/-,+/-/-,+/+/+,+/+/+,+/+/+,+/+/+,+/+/+,+/+/+,+/+/+,+/+/+,+/+/+,+/+/+,+/+/+,+/+/+,+/+/+,+/+/+,+/+/+,+/+/+,+/+/+,+/+/+,+/+/+,+/+/+,+/+/+,+/+/+,+/+/+,+/+/+,+/+/+,+/+/+,+/+/+,+/+/+,+/-/-,+/-/-,+/+/+,+/+/+,+/+/+,+/+/+,+/+/+,+/+/+,+/+/+,+/+/+,+/+/+,+/+/+,+/+/+,+/+/+,+/+/+,+/+/+,+/+/+,+/+/+,+/+/+,+/-/-,+/+/+,+/+/+,+/-/-,+/-/-,+/+/+,+/+/+,+/-/-,+/-/-,+/n/+,+/n/+,+/n/+,+/n/+,+/n/+,+/n/+,+/n/+,+/n/+,+/n/+,+/n/-,+/n/+,+/n/+,+/n/+,+/n/+,+/n/+,+/n/+,+/n/+,+/n/+,+/+/+,+/+/+,+/+/+,+/+/+,+/+/+,+/+/+,+/+/+,+/+/+,+/+/+,+/+/+,+/+/+,+/+/+,+/+/+,+/+/+,+/+/+,+/+/+,+/+/+,+/+/+,+/+/+,+/+/+,+/+/+,+/+/+,+/+/+,+/+/+,+/+/+
OD600 growth on Ala-Gly,ala-L(e)-gly(e)-succ(e),-/-/-,+/-/-,+/+/+,+/+/+,-/-/-,+/+/+,+/+/+,-/-/-,+/-/-,+/-/-,+/-/-,+/+/+,+/+/+,+/+/+,+/+/+,+/+/+,+/+/+,+/+/+,+/+/+,+/+/+,+/+/+,+/+/+,+/+/+,+/+/+,+/+/+,+/+/+,+/+/+,+/+/+,+/+/+,+/+/+,+/+/+,+/+/+,+/+/+,+/+/+,+/+/+,+/+/+,+/+/+,+/+/+,+/+/+,+/-/-,+/-/-,+/+/+,+/+/+,+/+/+,+/+/+,+/+/+,+/+/+,+/+/+,+/+/+,+/+/+,+/+/+,+/+/+,+/+/+,+/+/+,+/+/+,+/+/+,+/+/+,+/+/+,+/-/-,+/+/+,+/+/+,+/-/-,+/-/-,+/+/+,+/+/+,+/-/-,+/-/-,+/n/+,+/n/+,+/n/+,+/n/+,+/n/+,+/n/+,+/n/+,+/n/+,+/n/+,-/n/-,+/n/+,+/n/+,+/n/+,+/n/+,+/n/+,+/n/+,+/n/+,+/n/+,+/+/+,+/+/+,+/+/+,+/+/+,+/+/+,+/+/+,+/+/+,+/+/+,+/+/+,+/+/+,+/+/+,+/+/+,+/+/+,+/+/+,+/+/+,+/+/+,+/+/+,+/+/+,+/+/+,+/+/+,+/+/+,+/+/+,+/+/+,+/+/+,+/+/+
OD600 growth on Ala-His,ala-L(e)-his-L(e)-succ(e),-/-/-,+/-/-,+/+/+,+/+/+,-/-/-,-/+/+,+/+/+,-/-/-,-/-/-,-/-/-,+/-/-,+/+/+,+/+/+,+/+/+,+/+/+,+/+/+,+/+/+,+/+/+,+/+/+,+/+/+,+/+/+,+/+/+,+/+/+,+/+/+,+/+/+,+/+/+,+/+/+,-/+/+,+/+/+,+/+/+,+/+/+,+/+/+,+/+/+,+/+/+,-/+/+,+/+/+,+/+/+,+/+/+,+/+/+,+/-/-,+/-/-,+/+/+,+/+/+,+/+/+,+/+/+,+/+/+,+/+/+,+/+/+,+/+/+,+/+/+,+/+/+,-/+/+,+/+/+,-/+/+,+/+/+,+/+/+,+/+/+,+/+/+,+/-/-,+/+/+,+/+/+,+/-/-,+/-/-,+/+/+,+/+/+,+/-/-,-/-/-,+/n/+,-/n/+,+/n/+,+/n/+,+/n/+,+/n/+,+/n/+,+/n/+,+/n/+,+/n/-,+/n/+,+/n/+,-/n/+,+/n/+,+/n/+,+/n/+,+/n/+,+/n/+,+/+/+,+/+/+,+/+/+,+/+/+,+/+/+,+/+/+,+/+/+,+/+/+,+/+/+,+/+/+,-/+/+,+/+/+,-/+/+,+/+/+,+/+/+,+/+/+,+/+/+,+/+/+,+/+/+,+/+/+,+/+/+,+/+/+,+/+/+,+/+/+,+/+/+
OD600 growth on Ala-Leu,ala-L(e)-leu-L(e)-succ(e),-/-/-,+/-/-,+/+/-,-/+/-,-/-/-,-/+/-,+/+/-,-/-/-,-/-/-,-/-/-,-/-/-,+/+/-,+/+/-,+/+/-,+/+/-,+/+/-,+/+/-,+/+/-,+/+/-,+/+/-,+/+/-,+/+/-,-/+/-,+/+/-,+/+/-,+/+/-,-/+/-,+/+/-,+/+/-,+/+/-,+/+/-,+/+/-,+/+/-,+/+/-,-/+/-,+/+/-,-/+/-,-/+/-,-/+/-,+/-/-,+/-/-,-/+/-,+/+/-,+/+/-,-/+/-,+/+/-,+/+/-,+/+/-,+/+/-,-/+/-,+/+/-,-/+/-,+/+/-,-/+/-,+/+/-,+/+/-,+/+/-,+/+/-,+/-/-,+/+/-,+/+/-,+/-/-,+/-/-,+/+/-,+/+/-,+/-/-,-/-/-,-/n/-,+/n/-,+/n/-,+/n/-,-/n/-,+/n/-,+/n/-,+/n/-,+/n/-,-/n/-,+/n/-,+/n/-,+/n/-,+/n/-,+/n/-,+/n/-,+/n/-,+/n/-,-/+/-,-/+/-,+/+/-,+/+/-,+/+/-,-/+/-,+/+/-,-/+/-,+/+/-,+/+/-,-/+/-,+/+/-,-/+/-,+/+/-,+/+/-,+/+/-,+/+/-,+/+/-,+/+/-,+/+/-,+/+/-,+/+/-,-/+/-,-/+/-,+/+/-
OD600 growth on Ala-Thr,ala-L(e)-thr-L(e)-succ(e),-/-/-,+/-/-,+/+/+,-/+/+,-/-/-,-/+/+,+/+/+,+/-/-,+/-/-,+/-/-,+/-/-,+/+/+,+/+/+,+/+/+,+/+/+,+/+/+,+/+/+,+/+/+,+/+/+,+/+/+,+/+/+,+/+/+,+/+/+,+/+/+,+/+/+,+/+/+,+/+/+,+/+/+,+/+/+,+/+/+,+/+/+,+/+/+,+/+/+,+/+/+,+/+/+,+/+/+,+/+/+,+/+/+,+/+/+,+/-/-,+/-/-,+/+/+,+/+/+,+/+/+,+/+/+,+/+/+,+/+/+,+/+/+,+/+/+,+/+/+,+/+/+,+/+/+,+/+/+,+/+/+,+/+/+,+/+/+,+/+/+,+/+/+,+/-/-,+/+/+,+/+/+,+/-/-,+/-/-,+/+/+,+/+/+,+/-/-,+/-/-,+/n/+,+/n/+,+/n/+,+/n/+,+/n/+,+/n/+,+/n/+,+/n/+,+/n/+,-/n/-,+/n/+,+/n/+,+/n/+,+/n/+,+/n/+,+/n/+,+/n/+,+/n/+,+/+/+,+/+/+,+/+/+,+/+/+,+/+/+,+/+/+,+/+/+,+/+/+,+/+/+,+/+/+,+/+/+,+/+/+,+/+/+,+/+/+,+/+/+,+/+/+,+/+/+,+/+/+,+/+/+,+/+/+,+/+/+,+/+/+,+/+/+,+/+/+,+/+/+
OD600 growth on D-Alanine,ala-D(e)-succ(e),-/-/-,+/-/-,+/+/+,+/+/+,-/-/-,-/+/+,+/+/+,-/-/-,+/-/-,-/-/-,+/-/-,+/+/+,+/+/+,+/+/+,+/+/+,+/+/+,+/+/+,+/+/+,+/+/+,+/+/+,+/+/+,+/+/+,+/+/+,+/+/+,+/+/+,+/+/+,+/+/+,+/+/+,+/+/+,+/+/+,+/+/+,+/+/+,+/+/+,+/+/+,+/+/+,+/+/+,+/+/+,+/+/+,+/+/+,+/-/-,+/-/-,+/+/+,+/+/+,+/+/+,+/+/+,+/+/+,+/+/+,+/+/+,+/+/+,+/+/+,+/+/+,+/+/+,+/+/+,+/+/+,+/+/+,+/+/+,+/+/+,+/+/+,+/-/-,+/+/+,+/+/+,+/-/-,+/-/-,+/+/+,+/+/+,+/-/-,+/-/-,+/n/+,+/n/+,+/n/+,+/n/+,+/n/+,+/n/+,+/n/+,+/n/+,+/n/+,+/n/-,+/n/+,+/n/+,+/n/+,+/n/+,+/n/+,+/n/+,+/n/+,+/n/+,+/+/+,+/+/+,+/+/+,+/+/+,+/+/+,+/+/+,+/+/+,+/+/+,+/+/+,+/+/+,+/+/+,+/+/+,+/+/+,+/+/+,+/+/+,+/+/+,+/+/+,+/+/+,+/+/+,+/+/+,+/+/+,+/+/+,+/+/+,+/+/+,+/+/+
OD600 growth on D-Serine,ser-D(e)-succ(e),-/-/-,+/-/-,+/+/+,+/+/+,-/-/-,+/+/+,+/+/+,-/-/-,+/-/-,-/-/-,-/-/-,+/+/+,+/+/+,+/+/+,+/+/+,+/+/+,+/+/+,+/+/+,+/+/+,+/+/+,+/+/+,+/+/+,+/+/+,+/+/+,+/+/+,+/+/+,+/+/+,+/+/+,+/+/+,+/+/+,+/+/+,+/+/+,+/+/+,+/+/+,-/+/+,+/+/+,+/+/+,+/+/+,+/+/+,+/-/-,+/-/-,+/+/+,+/+/-,+/+/+,+/+/+,+/+/+,+/+/+,+/+/+,+/+/+,+/+/+,+/+/+,+/+/+,+/+/+,+/+/+,+/+/+,+/+/+,+/+/+,+/+/+,+/-/-,+/+/+,+/+/+,+/-/-,+/-/-,+/+/+,+/+/+,+/-/-,+/-/-,+/n/+,+/n/+,+/n/+,+/n/+,+/n/+,+/n/+,+/n/+,+/n/+,+/n/+,+/n/-,+/n/+,+/n/+,+/n/+,+/n/+,+/n/+,+/n/+,+/n/+,+/n/+,+/+/+,+/+/+,+/+/+,+/+/+,+/+/+,+/+/+,+/+/+,+/+/+,+/+/+,+/+/+,+/+/+,+/+/+,+/+/+,+/+/+,+/+/+,+/+/+,+/+/+,+/+/+,+/+/+,+/+/+,+/+/+,+/+/+,+/+/+,+/+/+,+/+/+
OD600 growth on Gly-Asn,gly(e)-asn-L(e)-succ(e),+/-/-,+/-/-,+/+/+,-/+/+,-/-/-,-/+/+,+/+/+,-/-/-,+/-/-,+/-/-,+/-/-,+/+/+,+/+/+,+/+/+,+/+/+,+/+/+,+/+/+,+/+/+,+/+/+,+/+/+,+/+/+,+/+/+,+/+/+,+/+/+,+/+/+,+/+/+,+/+/+,+/+/+,+/+/+,+/+/+,+/+/+,+/+/+,+/+/+,+/+/+,+/+/+,+/+/+,+/+/+,+/+/+,+/+/+,+/-/-,+/-/-,+/+/+,+/+/+,+/+/+,+/+/+,+/+/+,+/+/+,+/+/+,+/+/+,+/+/+,+/+/+,+/+/+,+/+/+,+/+/+,+/+/+,+/+/+,+/+/+,+/+/+,+/-/-,+/+/+,+/+/+,+/-/-,+/-/-,+/+/+,+/+/+,+/-/-,+/-/-,+/n/+,+/n/+,+/n/+,+/n/+,+/n/+,+/n/+,+/n/+,+/n/+,+/n/+,-/n/-,+/n/+,+/n/+,+/n/+,+/n/+,+/n/+,+/n/+,+/n/+,+/n/+,+/+/+,+/+/+,+/+/+,+/+/+,+/+/+,+/+/+,+/+/+,+/+/+,+/+/+,+/+/+,+/+/+,+/+/+,+/+/+,+/+/+,+/+/+,+/+/+,+/+/+,+/+/+,+/+/+,+/+/+,+/+/+,+/+/+,+/+/+,+/+/+,+/+/+
OD600 growth on Gly-Gln,gly(e)-gln-L(e)-succ(e),-/-/-,+/-/-,+/+/+,+/+/+,-/-/-,-/+/+,+/+/+,-/-/-,+/-/-,+/-/-,+/-/-,+/+/+,+/+/+,+/+/+,+/+/+,+/+/+,+/+/+,+/+/+,+/+/+,+/+/+,+/+/+,+/+/+,+/+/+,+/+/+,+/+/+,+/+/+,+/+/+,+/+/+,+/+/+,+/+/+,+/+/+,+/+/+,+/+/+,+/+/+,+/+/+,+/+/+,+/+/+,+/+/+,+/+/+,+/-/-,+/-/-,+/+/+,+/+/+,+/+/+,+/+/+,+/+/+,+/+/+,+/+/+,+/+/+,+/+/+,+/+/+,+/+/+,+/+/+,+/+/-,+/+/+,+/+/+,+/+/+,+/+/+,+/-/-,+/+/+,+/+/+,+/-/-,+/-/-,+/+/+,+/+/+,+/-/-,+/-/-,+/n/+,+/n/+,+/n/+,+/n/+,+/n/+,+/n/+,+/n/+,+/n/+,+/n/+,-/n/-,+/n/+,+/n/+,+/n/+,+/n/+,+/n/+,+/n/+,+/n/+,+/n/+,+/+/+,+/+/+,+/+/+,+/+/+,+/+/+,+/+/+,+/+/+,+/+/+,+/+/+,+/+/+,+/+/+,+/+/+,+/+/+,+/+/+,+/+/+,+/+/+,+/+/+,+/+/+,+/+/+,+/+/+,+/+/+,+/+/+,+/+/+,+/+/+,+/+/+
OD600 growth on Gly-Glu,gly(e)-glu-L(e)-succ(e),-/-/-,+/-/-,+/+/+,+/+/+,-/-/-,-/+/+,+/+/+,-/-/-,+/-/-,+/-/-,+/-/-,+/+/+,+/+/+,+/+/+,+/+/+,+/+/+,+/+/+,+/+/+,+/+/+,+/+/+,+/+/+,+/+/+,+/+/+,+/+/+,+/+/+,+/+/+,-/+/+,+/+/+,+/+/+,+/+/+,+/+/+,+/+/+,+/+/+,+/+/+,+/+/+,+/+/+,+/+/+,+/+/+,-/+/+,+/-/-,+/-/-,+/+/+,+/+/+,+/+/+,+/+/+,+/+/+,+/+/+,+/+/+,+/+/+,+/+/+,+/+/+,+/+/+,+/+/+,+/+/+,+/+/+,+/+/+,+/+/+,+/+/+,+/-/-,+/+/+,+/+/+,+/-/-,+/-/-,+/+/+,+/+/+,+/-/-,+/-/-,+/n/+,+/n/+,+/n/+,+/n/+,+/n/+,+/n/+,+/n/+,+/n/+,+/n/+,-/n/-,+/n/+,+/n/+,+/n/+,+/n/+,+/n/+,+/n/+,+/n/+,+/n/+,+/+/+,+/+/+,+/+/+,+/+/+,+/+/+,+/+/+,+/+/+,+/+/+,+/+/+,+/+/+,+/+/+,+/+/+,+/+/+,+/+/+,+/+/+,+/+/+,+/+/+,+/+/+,+/+/+,+/+/+,+/+/+,+/+/+,+/+/+,+/+/+,+/+/+
OD600 growth on Gly-Met,gly(e)-met-L(e)-succ(e),-/-/-,+/-/-,+/+/+,+/+/+,-/-/-,+/+/+,+/+/+,-/-/-,+/-/-,-/-/-,+/+/-,+/+/+,+/+/+,+/+/+,+/+/+,+/+/+,+/+/+,+/+/+,+/+/+,+/+/+,+/+/+,+/+/+,+/+/+,+/+/+,+/+/+,+/+/+,-/+/+,+/+/+,+/+/+,+/+/+,+/+/+,+/+/+,+/+/+,+/+/+,-/+/+,+/+/+,+/+/+,+/+/+,+/+/+,+/-/-,+/-/-,+/+/+,+/+/-,+/+/+,+/+/+,+/+/+,+/+/+,+/+/+,+/+/+,-/+/+,+/+/+,+/+/+,+/+/+,-/+/-,+/+/-,+/+/-,+/+/-,+/+/+,+/-/-,+/+/+,+/+/+,+/-/-,+/-/-,+/+/+,+/+/+,+/-/-,+/-/-,+/n/+,+/n/+,+/n/+,+/n/+,+/n/+,+/n/+,+/n/+,+/n/+,+/n/+,-/n/-,+/n/+,+/n/+,+/n/+,+/n/+,+/n/+,+/n/+,+/n/+,+/n/+,+/+/+,+/+/+,+/+/+,+/+/+,+/+/+,+/+/+,+/+/+,+/+/+,+/+/+,+/+/+,+/+/+,+/+/+,+/+/+,+/+/+,+/+/+,+/+/+,+/+/+,+/+/+,+/+/+,+/+/+,+/+/+,+/+/+,+/+/+,-/+/+,+/+/+
OD600 growth on Glycine,gly(e)-succ(e),-/-/-,+/-/-,+/+/+,+/+/+,-/-/-,+/+/+,+/+/+,-/-/-,+/-/-,+/-/-,+/-/-,+/+/+,+/+/+,+/+/+,+/+/+,+/+/+,+/+/+,+/+/+,+/+/+,+/+/+,+/+/+,+/+/+,-/+/+,+/+/+,+/+/+,+/+/+,+/+/+,+/+/+,+/+/+,+/+/+,+/+/+,+/+/+,+/+/+,+/+/+,+/+/+,+/+/+,+/+/+,+/+/+,+/+/+,+/-/-,+/-/-,+/+/+,+/+/-,+/+/+,+/+/+,+/+/+,+/+/+,+/+/+,+/+/+,+/+/+,+/+/+,+/+/+,+/+/+,+/+/-,+/+/-,+/+/-,+/+/-,+/+/+,+/-/-,+/+/+,+/+/+,+/-/-,+/-/-,+/+/+,+/+/+,+/-/-,+/-/-,+/n/+,+/n/+,+/n/+,+/n/+,+/n/+,+/n/+,+/n/+,+/n/+,+/n/+,-/n/-,+/n/+,+/n/+,+/n/+,+/n/+,+/n/+,+/n/+,+/n/+,+/n/+,+/+/+,+/+/+,+/+/+,+/+/+,+/+/+,+/+/+,+/+/+,+/+/+,+/+/+,+/+/+,+/+/+,+/+/+,+/+/+,+/+/+,+/+/+,+/+/+,+/+/+,+/+/+,+/+/+,+/+/+,+/+/+,+/+/+,+/+/+,+/+/+,+/+/+
OD600 growth on L-Alanine,ala-L(e)-succ(e),-/-/-,+/-/-,+/+/+,+/+/+,-/-/-,-/+/+,+/+/+,-/-/-,+/-/-,-/-/-,+/-/-,+/+/+,+/+/+,+/+/+,+/+/+,+/+/+,+/+/+,+/+/+,+/+/+,+/+/+,+/+/+,+/+/+,+/+/+,+/+/+,+/+/+,+/+/+,+/+/+,+/+/+,+/+/+,+/+/+,+/+/+,+/+/+,+/+/+,+/+/+,-/+/+,+/+/+,+/+/+,+/+/+,+/+/+,+/-/-,+/-/-,+/+/+,+/+/+,+/+/+,+/+/+,+/+/+,+/+/+,+/+/+,+/+/+,+/+/+,+/+/+,+/+/+,+/+/+,+/+/+,+/+/+,+/+/+,+/+/+,+/+/+,+/-/-,+/+/+,+/+/+,+/-/-,+/-/-,+/+/+,+/+/+,+/-/-,-/-/-,+/n/+,+/n/+,+/n/+,+/n/+,+/n/+,+/n/+,+/n/+,+/n/+,+/n/+,+/n/-,+/n/+,+/n/+,+/n/+,+/n/+,+/n/+,+/n/+,+/n/+,+/n/+,+/+/+,+/+/+,+/+/+,+/+/+,+/+/+,+/+/+,+/+/+,+/+/+,+/+/+,+/+/+,+/+/+,+/+/+,+/+/+,+/+/+,+/+/+,+/+/+,+/+/+,+/+/+,+/+/+,+/+/+,+/+/+,+/+/+,+/+/+,+/+/+,+/+/+
OD600 growth on L-Arginine,arg-L(e)-succ(e),+/+/+,+/+/+,+/+/+,+/+/+,-/-/-,-/+/+,+/+/+,+/+/+,+/+/+,+/+/+,-/-/-,+/+/+,+/+/+,+/+/+,+/+/+,+/+/+,+/+/+,+/+/+,+/+/+,+/+/+,+/+/+,+/+/+,+/+/+,+/+/+,+/+/+,+/+/+,-/+/+,+/+/+,-/+/+,+/+/+,+/+/+,+/+/+,+/+/+,+/+/+,-/+/+,+/+/+,+/+/+,-/+/+,-/+/+,+/-/-,+/-/-,-/+/+,-/+/+,+/+/+,+/+/+,+/+/+,+/+/+,+/+/+,+/+/+,+/+/+,+/+/+,+/+/+,+/+/+,-/+/-,+/+/+,+/+/+,+/+/+,+/+/+,+/-/-,+/+/+,+/+/+,+/-/-,+/-/-,-/+/+,+/+/+,+/-/-,-/-/-,-/n/+,-/n/+,+/n/+,+/n/+,+/n/+,+/n/+,+/n/+,+/n/+,+/n/+,-/n/-,-/n/+,-/n/+,+/n/+,+/n/+,+/n/+,+/n/+,+/n/+,+/n/+,-/+/+,+/+/+,+/+/+,+/+/+,+/+/+,+/+/+,+/+/+,+/+/+,+/+/+,+/+/+,-/+/+,+/+/+,+/+/+,+/+/+,+/+/+,+/+/+,+/+/+,+/+/+,+/+/+,+/+/-,+/+/+,+/+/+,+/+/+,+/+/+,+/+/+
OD600 growth on L-Asparagine,asn-L(e)-succ(e),+/-/-,+/-/-,+/+/+,+/+/+,-/-/-,+/+/+,+/+/+,-/-/-,-/-/-,-/-/-,+/-/-,+/+/+,+/+/+,+/+/+,+/+/+,+/+/+,+/+/+,+/+/+,+/+/+,+/+/+,+/+/+,+/+/+,+/+/+,+/+/+,+/+/+,+/+/+,+/+/+,+/+/+,+/+/+,+/+/+,+/+/+,+/+/+,+/+/+,+/+/+,-/+/+,+/+/+,+/+/+,+/+/+,+/+/+,+/-/-,+/-/-,+/+/+,+/+/+,+/+/+,+/+/+,+/+/+,+/+/+,+/+/+,+/+/+,+/+/+,+/+/+,+/+/+,+/+/+,+/+/+,+/+/+,+/+/+,+/+/+,+/+/+,+/-/-,+/+/+,+/+/+,+/-/-,+/-/-,+/+/+,+/+/+,+/-/-,-/-/-,+/n/+,-/n/+,+/n/+,+/n/+,+/n/+,+/n/+,+/n/+,+/n/+,+/n/+,-/n/-,+/n/+,+/n/+,+/n/+,+/n/+,+/n/+,+/n/+,+/n/+,+/n/+,+/+/+,+/+/+,+/+/+,+/+/+,+/+/+,+/+/+,+/+/+,+/+/+,+/+/+,+/+/+,+/+/+,+/+/+,+/+/+,+/+/+,+/+/+,+/+/+,+/+/+,+/+/+,+/+/+,+/+/+,+/+/+,+/+/+,+/+/+,+/+/+,+/+/+
OD600 growth on L-Aspartic Acid,asp-L(e)-succ(e),-/-/-,+/-/-,+/+/+,+/+/+,-/-/-,-/+/+,+/+/+,-/-/-,-/-/-,-/-/-,-/-/-,+/+/+,+/+/+,+/+/+,+/+/+,+/+/+,+/+/+,+/+/+,+/+/+,+/+/+,+/+/+,+/+/+,+/+/+,+/+/+,+/+/+,+/+/+,+/+/+,+/+/+,+/+/+,+/+/+,+/+/+,+/+/+,+/+/+,+/+/+,-/+/+,+/+/+,+/+/+,+/+/+,+/+/+,+/-/-,+/-/-,+/+/+,+/+/+,+/+/+,+/+/+,+/+/+,+/+/+,+/+/+,+/+/+,+/+/+,+/+/+,+/+/+,+/+/+,+/+/+,+/+/+,+/+/+,+/+/+,+/+/+,+/-/-,+/+/+,+/+/+,+/-/-,+/-/-,-/+/+,+/+/+,+/-/-,-/-/-,+/n/+,+/n/+,+/n/+,+/n/+,+/n/+,+/n/+,+/n/+,+/n/+,+/n/+,-/n/-,+/n/+,+/n/+,+/n/+,+/n/+,+/n/+,+/n/+,+/n/+,+/n/+,+/+/+,+/+/+,+/+/+,+/+/+,+/+/+,+/+/+,+/+/+,+/+/+,+/+/+,+/+/+,+/+/+,+/+/+,+/+/+,+/+/+,+/+/+,+/+/+,+/+/+,+/+/+,+/+/+,+/+/+,+/+/+,+/+/+,+/+/+,+/+/+,+/+/+
OD600 growth on L-Cysteine,cys-L(e)-succ(e),+/-/-,+/-/-,+/+/+,+/+/+,-/-/-,-/+/+,+/+/+,-/-/-,-/-/-,-/-/-,-/-/-,+/+/+,+/+/+,+/+/+,+/+/+,+/+/+,+/+/+,+/+/+,+/+/+,+/+/+,+/+/+,+/+/+,+/+/+,+/+/+,+/+/+,+/+/+,+/+/+,+/+/+,+/+/+,+/+/+,+/+/+,+/+/+,+/+/+,+/+/+,-/+/+,+/+/+,+/+/+,+/+/+,+/+/+,+/-/-,+/-/-,+/+/+,+/+/-,+/+/+,+/+/+,+/+/+,+/+/+,+/+/+,+/+/+,-/+/+,+/+/+,-/+/+,+/+/+,+/+/-,+/+/+,+/+/+,+/+/+,+/+/+,+/-/-,+/+/+,+/+/+,+/-/-,+/-/-,-/+/+,+/+/+,+/-/-,-/-/-,+/n/+,+/n/-,+/n/+,+/n/+,+/n/+,+/n/+,+/n/+,+/n/+,+/n/+,+/n/-,+/n/+,+/n/+,+/n/+,+/n/+,+/n/+,+/n/+,+/n/+,+/n/+,+/+/+,+/+/+,+/+/+,+/+/+,+/+/+,+/+/+,+/+/+,+/+/+,+/+/+,+/+/+,+/+/+,+/+/+,+/+/+,+/+/+,+/+/+,+/+/+,+/+/+,+/+/+,+/+/+,+/+/+,+/+/+,+/+/+,+/+/+,-/+/+,+/+/+
OD600 growth on L-Glutamic Acid,glu-L(e)-succ(e),-/-/-,+/-/-,+/+/+,-/+/+,-/-/-,-/+/+,+/+/+,-/-/-,-/-/-,-/-/-,-/-/-,-/+/+,+/+/+,+/+/+,+/+/+,+/+/+,+/+/+,+/+/+,+/+/+,+/+/+,+/+/+,+/+/+,-/+/+,-/+/+,+/+/+,+/+/+,+/+/+,-/+/+,-/+/+,-/+/+,+/+/+,+/+/+,+/+/+,+/+/+,-/+/+,+/+/+,+/+/+,-/+/+,-/+/+,+/-/-,+/-/-,-/+/+,-/+/+,+/+/+,+/+/+,+/+/+,+/+/+,-/+/+,+/+/+,+/+/+,+/+/+,+/+/+,+/+/+,+/+/+,+/+/+,+/+/+,+/+/+,+/+/+,-/-/-,+/+/+,+/+/+,+/-/-,-/-/-,-/+/+,+/+/+,+/-/-,-/-/-,-/n/+,-/n/+,+/n/+,+/n/+,+/n/+,+/n/+,-/n/+,+/n/+,+/n/+,-/n/-,+/n/+,-/n/+,+/n/+,+/n/+,-/n/+,+/n/+,-/n/+,+/n/+,-/+/+,-/+/+,+/+/+,+/+/+,+/+/+,+/+/+,+/+/+,+/+/+,+/+/+,+/+/+,-/+/+,+/+/+,-/+/+,-/+/+,+/+/+,+/+/+,+/+/+,+/+/+,+/+/+,+/+/+,+/+/+,+/+/+,+/+/+,+/+/+,+/+/+
OD600 growth on L-Glutamine,gln-L(e)-succ(e),-/-/-,+/-/-,+/+/+,+/+/+,-/-/-,-/+/+,+/+/+,-/-/-,+/-/-,-/-/-,-/-/-,+/+/+,+/+/+,+/+/+,+/+/+,+/+/+,+/+/+,+/+/+,+/+/+,+/+/+,+/+/+,+/+/+,+/+/+,+/+/+,+/+/+,+/+/+,+/+/+,+/+/+,+/+/+,+/+/+,+/+/+,+/+/+,+/+/+,+/+/+,+/+/+,+/+/+,+/+/+,+/+/+,+/+/+,+/-/-,+/-/-,+/+/+,+/+/+,+/+/+,+/+/+,+/+/+,+/+/+,+/+/+,+/+/+,+/+/+,+/+/+,+/+/+,+/+/+,+/+/-,+/+/+,+/+/+,+/+/+,+/+/+,+/-/-,+/+/+,+/+/+,+/-/-,+/-/-,+/+/+,+/+/+,+/-/-,+/-/-,+/n/+,+/n/+,+/n/+,+/n/+,+/n/+,+/n/+,+/n/+,+/n/+,+/n/+,+/n/-,+/n/+,+/n/+,+/n/+,+/n/+,+/n/+,+/n/+,+/n/+,+/n/+,+/+/+,+/+/+,+/+/+,+/+/+,+/+/+,+/+/+,+/+/+,+/+/+,+/+/+,+/+/+,+/+/+,+/+/+,+/+/+,+/+/+,+/+/+,+/+/+,+/+/+,+/+/+,+/+/+,+/+/+,+/+/+,+/+/+,+/+/+,+/+/+,+/+/+
OD600 growth on L-Histidine,his-L(e)-succ(e),-/-/-,-/-/-,-/-/-,-/-/-,-/-/-,-/-/-,-/-/-,-/-/-,-/-/-,-/-/-,-/-/-,-/-/-,-/-/-,-/-/-,-/-/-,-/-/-,-/-/-,-/-/-,-/-/-,-/-/-,-/-/-,-/-/-,-/-/-,-/-/-,-/-/-,-/-/-,-/-/-,-/-/-,-/-/-,-/-/-,-/-/-,-/-/-,-/-/-,-/-/-,-/-/-,-/-/-,-/-/-,-/-/-,-/-/-,-/-/-,-/-/-,-/-/-,-/-/-,-/-/-,-/-/-,-/-/-,-/-/-,-/-/-,-/-/-,-/-/-,-/-/-,-/-/-,+/-/-,-/-/-,-/-/-,-/-/-,-/-/-,-/-/-,-/-/-,+/-/-,-/-/-,-/-/-,-/-/-,-/-/-,-/-/-,-/-/-,-/-/-,-/n/-,-/n/-,+/n/-,+/n/-,-/n/-,-/n/-,-/n/-,-/n/-,-/n/-,-/n/-,-/n/-,-/n/-,-/n/-,-/n/-,-/n/-,-/n/-,-/n/-,-/n/-,-/-/-,-/-/-,-/-/-,-/-/-,-/-/-,-/-/-,-/-/-,-/-/-,-/-/-,-/-/-,-/-/-,-/-/-,+/-/-,-/-/-,-/-/-,-/-/-,+/-/-,-/-/-,-/-/-,+/-/-,-/-/-,-/-/-,-/-/-,-/-/-,-/-/-
OD600 growth on L-Isoleucine,ile-L(e)-succ(e),+/-/-,-/-/-,-/-/-,-/-/-,-/-/-,-/-/-,-/-/-,-/-/-,-/-/-,-/-/-,-/-/-,-/-/-,-/-/-,-/-/-,-/-/-,-/-/-,-/-/-,-/-/-,-/-/-,-/-/-,-/-/-,-/-/-,-/-/-,-/-/-,-/-/-,-/-/-,-/-/-,-/-/-,-/-/-,-/-/-,-/-/-,-/-/-,-/-/-,-/-/-,-/-/-,-/-/-,-/-/-,-/-/-,-/-/-,-/-/-,-/-/-,-/-/-,-/-/-,-/-/-,-/-/-,-/-/-,-/-/-,-/-/-,-/-/-,-/-/-,-/-/-,-/-/-,-/-/-,-/-/-,-/-/-,-/-/-,-/-/-,-/-/-,-/-/-,-/-/-,-/-/-,-/-/-,-/-/-,-/-/-,-/-/-,-/-/-,-/-/-,-/n/-,-/n/-,+/n/-,+/n/-,-/n/-,-/n/-,-/n/-,-/n/-,-/n/-,-/n/-,-/n/-,-/n/-,-/n/-,-/n/-,-/n/-,-/n/-,-/n/-,-/n/-,-/-/-,-/-/-,-/-/-,-/-/-,-/-/-,-/-/-,-/-/-,-/-/-,-/-/-,-/-/-,-/-/-,-/-/-,+/-/-,-/-/-,-/-/-,-/-/-,+/-/-,-/-/-,-/-/-,-/-/-,-/-/-,-/-/-,-/-/-,-/-/-,-/-/-
OD600 growth on L-Leucine,leu-L(e)-succ(e),-/-/-,-/-/-,-/-/-,-/-/-,-/-/-,-/-/-,-/-/-,-/-/-,-/-/-,-/-/-,-/-/-,-/-/-,-/-/-,-/-/-,-/-/-,-/-/-,-/-/-,-/-/-,-/-/-,-/-/-,-/-/-,-/-/-,-/-/-,-/-/-,-/-/-,-/-/-,-/-/-,-/-/-,-/-/-,-/-/-,-/-/-,-/-/-,-/-/-,-/-/-,-/-/-,-/-/-,-/-/-,-/-/-,-/-/-,-/-/-,-/-/-,-/-/-,-/-/-,-/-/-,-/-/-,-/-/-,-/-/-,-/-/-,-/-/-,-/-/-,-/-/-,-/-/-,+/-/-,-/-/-,-/-/-,-/-/-,-/-/-,-/-/-,-/-/-,+/-/-,+/-/-,-/-/-,-/-/-,-/-/-,-/-/-,-/-/-,-/-/-,-/n/-,-/n/-,+/n/-,+/n/-,-/n/-,-/n/-,-/n/-,-/n/-,-/n/-,-/n/-,-/n/-,-/n/-,-/n/-,-/n/-,-/n/-,-/n/-,-/n/-,-/n/-,-/-/-,-/-/-,-/-/-,-/-/-,-/-/-,-/-/-,-/-/-,-/-/-,+/-/-,-/-/-,-/-/-,-/-/-,+/-/-,-/-/-,-/-/-,-/-/-,-/-/-,-/-/-,-/-/-,-/-/-,-/-/-,-/-/-,-/-/-,-/-/-,-/-/-
OD600 growth on L-Lysine,lys-L(e)-succ(e),+/-/-,+/-/-,+/-/-,+/-/-,-/-/-,-/-/-,+/-/-,-/-/-,-/-/-,-/-/-,-/-/-,+/-/-,-/-/-,-/-/-,+/-/-,+/-/-,+/-/-,+/-/-,+/-/-,+/-/-,+/-/-,+/-/-,-/-/-,-/-/-,+/-/-,-/-/-,-/-/-,-/-/-,-/-/-,-/-/-,+/-/-,+/-/-,+/-/-,+/-/-,-/-/-,+/-/-,-/-/-,-/-/-,-/-/-,+/-/-,+/-/-,-/-/-,-/-/-,+/-/-,-/-/-,-/-/-,+/-/-,+/-/-,+/-/-,-/-/-,+/-/-,-/-/-,+/-/-,-/-/-,-/-/-,+/-/-,-/-/-,+/-/-,-/-/-,+/-/-,+/-/-,+/-/-,+/-/-,-/-/-,+/-/-,+/-/-,-/-/-,-/n/-,-/n/-,+/n/-,+/n/-,-/n/-,+/n/-,-/n/-,+/n/-,-/n/-,-/n/-,-/n/-,-/n/-,-/n/-,+/n/-,+/n/-,+/n/-,+/n/-,+/n/-,-/-/-,-/-/-,+/-/-,+/-/-,+/-/-,-/-/-,+/-/-,-/-/-,+/-/-,+/-/-,-/-/-,+/-/-,+/-/-,+/-/-,+/-/-,-/-/-,+/-/-,+/-/-,+/-/-,+/-/-,+/-/-,+/-/-,-/-/-,-/-/-,+/-/-
OD600 growth on L-Methionine,met-L(e)-succ(e),-/-/-,+/-/-,+/-/-,-/-/-,-/-/-,+/-/-,+/-/-,-/-/-,+/-/-,-/-/-,+/-/-,-/-/-,-/-/-,-/-/-,+/-/-,+/-/-,+/-/-,+/-/-,+/-/-,+/-/-,+/-/-,+/-/-,-/-/-,-/-/-,+/-/-,-/-/-,-/-/-,-/-/-,-/-/-,+/-/-,+/-/-,+/-/-,+/-/-,+/-/-,-/-/-,+/-/-,-/-/-,-/-/-,-/-/-,+/-/-,+/-/-,-/-/-,-/-/-,+/-/-,-/-/-,+/-/-,+/-/-,-/-/-,+/-/-,-/-/-,+/-/-,+/-/-,+/-/-,-/-/-,+/-/-,+/-/-,-/-/-,+/-/-,+/-/-,+/-/-,+/-/-,+/-/-,+/-/-,-/-/-,+/-/-,+/-/-,-/-/-,-/n/-,-/n/-,+/n/-,-/n/-,-/n/-,+/n/-,-/n/-,+/n/-,-/n/-,-/n/-,+/n/-,-/n/-,-/n/-,+/n/-,+/n/-,+/n/-,+/n/-,+/n/-,-/-/-,-/-/-,+/-/-,+/-/-,+/-/-,-/-/-,-/-/-,-/-/-,+/-/-,+/-/-,-/-/-,+/-/-,-/-/-,-/-/-,+/-/-,-/-/-,+/-/-,+/-/-,+/-/-,+/-/-,+/-/-,+/-/-,+/-/-,-/-/-,+/-/-
OD600 growth on L-Ornithine,orn(e)-succ(e),-/-/-,+/+/+,+/+/+,+/+/+,-/-/-,-/+/+,+/+/+,+/+/+,+/+/+,+/+/+,-/-/-,+/+/+,+/+/+,+/+/+,+/+/+,+/+/+,+/+/+,+/+/+,-/+/+,+/+/+,+/+/+,+/+/+,-/+/+,-/+/+,+/+/+,+/+/+,-/+/+,-/+/+,+/+/+,+/+/+,+/+/+,+/+/+,+/+/+,+/+/+,-/+/+,+/+/+,+/+/+,-/+/+,-/+/+,+/-/-,+/-/-,-/+/+,-/+/+,+/+/+,+/+/+,+/+/+,+/+/+,+/+/+,+/+/+,-/+/+,+/+/+,-/+/+,+/+/+,-/+/-,+/+/+,+/+/+,+/+/+,+/+/+,+/-/-,+/+/+,+/+/+,+/-/-,+/-/-,-/+/+,+/+/+,+/-/-,-/-/-,-/n/+,-/n/+,+/n/+,+/n/+,+/n/+,+/n/+,-/n/+,+/n/+,+/n/+,-/n/-,-/n/+,-/n/+,+/n/+,+/n/+,+/n/+,+/n/+,+/n/+,+/n/+,-/+/+,-/+/+,+/+/+,+/+/+,+/+/+,+/+/+,+/+/+,+/+/+,+/+/+,+/+/+,-/+/+,+/+/+,-/+/+,+/+/+,+/+/+,+/+/+,+/+/+,+/+/+,+/+/+,+/+/+,+/+/+,+/+/+,+/+/+,-/+/+,+/+/+
OD600 growth on L-Phenylalanine,phe-L(e)-succ(e),-/-/-,+/-/-,+/-/-,+/-/-,-/-/-,-/-/-,+/-/-,-/-/-,+/-/-,-/-/-,-/-/-,-/-/-,+/-/-,+/-/-,+/-/-,+/-/-,+/-/-,+/-/-,+/-/-,+/-/-,+/-/-,+/-/-,+/-/-,+/-/-,+/-/-,+/-/-,-/-/-,-/-/-,-/-/-,+/-/-,+/-/-,+/-/-,+/-/-,+/-/-,-/-/-,+/-/-,+/-/-,-/-/-,-/-/-,+/-/-,+/-/-,-/-/-,+/-/-,+/-/-,+/-/-,+/-/-,+/-/-,+/-/-,+/-/-,-/-/-,+/-/-,-/-/-,+/-/-,-/-/-,+/-/-,+/-/-,-/-/-,+/-/-,+/-/-,+/-/-,+/-/-,+/-/-,+/-/-,+/-/-,+/-/-,+/-/-,-/-/-,-/n/-,-/n/-,+/n/-,-/n/-,+/n/-,+/n/-,+/n/-,+/n/-,+/n/-,+/n/-,+/n/-,+/n/-,+/n/-,+/n/-,+/n/-,+/n/-,+/n/-,+/n/-,-/-/-,-/-/-,+/-/-,+/-/-,+/-/-,+/-/-,+/-/-,+/-/-,+/-/-,+/-/-,-/-/-,+/-/-,+/-/-,+/-/-,+/-/-,+/-/-,+/-/-,+/-/-,+/-/-,+/-/-,+/-/-,+/-/-,+/-/-,-/-/-,+/-/-
OD600 growth on L-Proline,pro-L(e)-succ(e),-/-/-,+/-/-,+/+/+,+/+/+,-/-/-,-/+/+,+/+/+,-/-/-,+/-/-,-/-/-,+/-/-,+/+/+,+/+/+,+/+/+,+/+/+,+/+/+,+/+/+,+/+/+,+/+/+,+/+/+,+/+/+,+/+/+,+/+/+,+/+/+,+/+/+,+/+/+,+/+/+,+/+/+,+/+/+,+/+/+,+/+/+,+/+/+,+/+/+,+/+/+,-/+/+,+/+/+,+/+/+,+/+/+,-/+/+,+/-/-,+/-/-,+/+/+,+/+/+,+/+/+,+/+/+,+/+/+,+/+/+,+/+/+,+/+/+,+/+/+,+/+/+,+/+/+,+/+/+,+/+/-,+/+/+,+/+/+,+/+/+,+/+/+,+/-/-,+/+/+,+/+/+,+/-/-,+/-/-,+/+/+,+/+/+,+/-/-,-/-/-,+/n/+,-/n/+,+/n/+,+/n/+,+/n/+,+/n/+,+/n/+,+/n/+,+/n/+,-/n/-,+/n/+,+/n/+,+/n/+,+/n/+,+/n/+,+/n/+,+/n/+,+/n/+,+/+/+,+/+/+,+/+/+,+/+/+,+/+/+,+/+/+,+/+/+,+/+/+,+/+/+,+/+/+,+/+/+,+/+/+,+/+/+,+/+/+,+/+/+,+/+/+,+/+/+,+/+/+,+/+/+,+/+/+,+/+/+,+/+/+,+/+/+,+/+/+,+/+/+
OD600 growth on L-Serine,ser-L(e)-succ(e),-/-/-,+/-/-,+/+/+,+/+/+,-/-/-,-/+/+,+/+/+,-/-/-,+/-/-,-/-/-,+/-/-,+/+/+,+/+/+,+/+/+,+/+/+,+/+/+,+/+/+,+/+/+,+/+/+,+/+/+,+/+/+,+/+/+,+/+/+,+/+/+,+/+/+,+/+/+,+/+/+,+/+/+,+/+/+,+/+/+,+/+/+,+/+/+,+/+/+,+/+/+,-/+/+,+/+/+,+/+/+,+/+/+,+/+/+,+/-/-,+/-/-,+/+/+,+/+/-,+/+/+,+/+/+,+/+/+,+/+/+,+/+/+,+/+/+,+/+/+,+/+/+,-/+/+,+/+/+,-/+/+,+/+/+,+/+/+,+/+/+,+/+/+,+/-/-,+/+/+,+/+/+,+/-/-,+/-/-,+/+/+,+/+/+,+/-/-,-/-/-,+/n/+,+/n/+,+/n/+,+/n/+,+/n/+,+/n/+,+/n/+,+/n/+,+/n/+,+/n/-,+/n/+,+/n/+,+/n/+,+/n/+,+/n/+,+/n/+,+/n/+,+/n/+,+/+/+,+/+/+,+/+/+,+/+/+,+/+/+,+/+/+,+/+/+,+/+/+,+/+/+,+/+/+,+/+/+,+/+/+,+/+/+,+/+/+,+/+/+,+/+/+,+/+/+,+/+/+,+/+/+,+/+/+,+/+/+,+/+/+,+/+/+,+/+/+,+/+/+
OD600 growth on L-Threonine,thr-L(e)-succ(e),-/-/-,+/-/-,+/+/+,-/+/+,-/-/-,-/+/+,+/+/+,-/-/-,-/-/-,-/-/-,-/-/-,-/+/+,+/+/-,-/+/+,+/+/+,+/+/+,+/+/+,+/+/+,+/+/+,+/+/+,+/+/+,+/+/+,-/+/+,-/+/+,+/+/+,-/+/+,-/+/+,-/+/+,-/+/+,-/+/+,+/+/+,+/+/+,+/+/+,+/+/+,-/+/+,+/+/+,+/+/+,-/+/+,-/+/+,+/-/-,+/-/-,-/+/+,+/+/-,+/+/+,+/+/+,-/+/+,+/+/+,-/+/+,+/+/+,+/+/+,+/+/+,+/+/+,+/+/+,+/+/-,+/+/-,+/+/-,+/+/-,+/+/+,-/-/-,+/+/+,+/+/+,+/-/-,+/-/-,-/+/+,+/+/+,+/-/-,-/-/-,-/n/+,-/n/+,+/n/+,+/n/+,-/n/+,+/n/+,-/n/+,+/n/+,-/n/+,-/n/-,+/n/+,-/n/+,+/n/+,+/n/+,+/n/+,+/n/+,+/n/+,+/n/+,-/+/+,-/+/+,+/+/+,+/+/+,+/+/+,+/+/+,+/+/+,+/+/+,+/+/+,+/+/+,-/+/+,+/+/+,-/+/+,-/+/+,+/+/+,-/+/+,+/+/+,+/+/+,+/+/+,+/+/-,+/+/+,+/+/+,+/+/+,+/+/+,+/+/+
OD600 growth on L-Tryptophan,trp-L(e)-succ(e),-/-/-,+/-/-,+/+/+,-/+/+,-/-/-,-/+/+,+/+/+,-/-/-,-/-/-,-/-/-,-/-/-,-/+/+,+/+/+,-/+/+,+/+/+,+/+/+,+/+/+,+/+/+,+/+/+,+/+/+,+/+/+,+/+/+,-/+/+,-/+/+,+/+/+,-/+/+,-/+/+,+/+/+,+/+/+,+/+/+,+/+/+,+/+/+,+/+/+,+/+/+,-/+/+,+/+/+,+/+/+,-/+/+,-/+/+,+/-/-,+/-/-,-/+/+,+/+/-,+/+/+,-/+/+,-/+/+,+/+/+,+/+/+,+/+/+,-/+/+,+/+/+,-/+/+,+/+/+,-/+/+,-/+/+,+/+/+,+/+/+,+/+/+,-/-/-,+/+/+,+/+/+,+/-/-,+/-/-,+/+/+,+/+/+,+/-/-,-/-/-,-/n/+,-/n/-,+/n/+,+/n/+,-/n/+,+/n/+,-/n/+,+/n/+,+/n/+,-/n/-,+/n/+,+/n/+,+/n/+,+/n/+,-/n/+,+/n/+,+/n/+,+/n/+,-/+/+,-/+/+,+/+/+,+/+/+,+/+/+,-/+/+,+/+/+,-/+/+,+/+/+,+/+/+,-/+/+,+/+/+,-/+/+,-/+/+,+/+/+,-/+/+,+/+/+,+/+/+,+/+/+,+/+/+,+/+/+,+/+/+,+/+/+,-/+/+,+/+/+
OD600 growth on L-Tyrosine,tyr-L(e)-succ(e),-/-/-,-/-/-,-/-/-,-/-/-,-/-/-,+/-/-,-/-/-,-/-/-,+/-/-,+/-/-,-/-/-,-/-/-,-/-/-,-/-/-,-/-/-,-/-/-,-/-/-,+/-/-,-/-/-,-/-/-,-/-/-,-/-/-,-/-/-,-/-/-,-/-/-,-/-/-,-/-/-,-/-/-,+/-/-,-/-/-,-/-/-,-/-/-,-/-/-,-/-/-,-/-/-,-/-/-,-/-/-,-/-/-,-/-/-,-/-/-,-/-/-,-/-/-,-/-/-,+/-/-,-/-/-,-/-/-,-/-/-,-/-/-,-/-/-,-/-/-,-/-/-,-/-/-,+/-/-,-/-/-,-/-/-,-/-/-,-/-/-,-/-/-,-/-/-,+/-/-,+/-/-,-/-/-,-/-/-,-/-/-,-/-/-,-/-/-,-/-/-,-/n/-,-/n/-,-/n/-,+/n/-,-/n/-,-/n/-,-/n/-,+/n/-,+/n/-,-/n/-,-/n/-,-/n/-,-/n/-,-/n/-,-/n/-,-/n/-,-/n/-,-/n/-,-/-/-,-/-/-,+/-/-,-/-/-,-/-/-,-/-/-,-/-/-,-/-/-,-/-/-,-/-/-,-/-/-,-/-/-,-/-/-,-/-/-,-/-/-,-/-/-,+/-/-,+/-/-,-/-/-,-/-/-,-/-/-,-/-/-,-/-/-,-/-/-,-/-/-
OD600 growth on L-Valine,val-L(e)-succ(e),+/-/-,-/-/-,-/-/-,-/-/-,-/-/-,-/-/-,-/-/-,-/-/-,-/-/-,-/-/-,-/-/-,-/-/-,-/-/-,-/-/-,-/-/-,-/-/-,-/-/-,-/-/-,-/-/-,-/-/-,-/-/-,-/-/-,-/-/-,-/-/-,-/-/-,-/-/-,+/-/-,+/-/-,-/-/-,-/-/-,-/-/-,-/-/-,-/-/-,-/-/-,-/-/-,-/-/-,-/-/-,-/-/-,-/-/-,-/-/-,-/-/-,-/-/-,-/-/-,-/-/-,-/-/-,-/-/-,-/-/-,-/-/-,-/-/-,-/-/-,-/-/-,-/-/-,+/-/-,-/-/-,-/-/-,-/-/-,-/-/-,-/-/-,-/-/-,-/-/-,-/-/-,-/-/-,-/-/-,-/-/-,-/-/-,-/-/-,-/-/-,-/n/-,-/n/-,+/n/-,+/n/-,-/n/-,-/n/-,-/n/-,-/n/-,-/n/-,-/n/-,-/n/-,-/n/-,-/n/-,-/n/-,-/n/-,-/n/-,-/n/-,-/n/-,-/-/-,-/-/-,-/-/-,-/-/-,-/-/-,-/-/-,-/-/-,-/-/-,-/-/-,-/-/-,-/-/-,-/-/-,+/-/-,-/-/-,-/-/-,-/-/-,-/-/-,-/-/-,-/-/-,-/-/-,-/-/-,-/-/-,-/-/-,-/-/-,-/-/-
OD600 growth on Met-Ala,met-L(e)-ala-L(e)-succ(e),-/-/-,+/-/-,+/+/+,+/+/+,-/-/-,+/+/+,+/+/+,-/-/-,-/-/-,-/-/-,+/+/+,+/+/+,+/+/+,+/+/+,+/+/+,+/+/+,+/+/+,+/+/+,+/+/+,+/+/+,+/+/+,+/+/+,+/+/+,+/+/+,+/+/+,+/+/+,+/+/+,+/+/+,+/+/+,+/+/+,+/+/+,+/+/+,+/+/+,+/+/+,-/+/+,+/+/+,+/+/+,+/+/+,+/+/+,+/-/-,+/-/-,+/+/+,+/+/+,+/+/+,+/+/+,+/+/+,+/+/+,+/+/+,+/+/+,+/+/+,+/+/+,-/+/+,+/+/+,-/+/+,+/+/+,+/+/+,+/+/+,+/+/+,+/-/-,+/+/+,+/+/+,+/-/-,+/-/-,+/+/+,+/+/+,+/-/-,-/-/-,+/n/+,+/n/+,+/n/+,+/n/+,+/n/+,+/n/+,+/n/+,+/n/+,+/n/+,-/n/-,+/n/+,+/n/+,+/n/+,+/n/+,+/n/+,+/n/+,+/n/+,+/n/+,+/+/+,+/+/+,+/+/+,+/+/+,+/+/+,+/+/+,+/+/+,+/+/+,+/+/+,+/+/+,+/+/+,+/+/+,-/+/+,+/+/+,+/+/+,+/+/+,+/+/+,+/+/+,+/+/+,+/+/+,+/+/+,+/+/+,+/+/+,-/+/+,+/+/+
OD600 growth on Adenine,ade(e)-succ(e),-/-/-,+/-/-,+/+/+,-/+/+,+/-/-,-/+/+,-/+/+,-/-/-,-/-/-,-/-/-,-/-/-,-/+/+,+/+/+,-/+/+,+/+/+,+/+/+,-/+/+,+/+/+,-/+/+,+/+/+,-/+/+,-/+/+,-/+/+,-/+/+,+/+/+,+/+/+,-/+/+,-/+/+,+/+/+,+/+/+,+/+/+,-/+/+,+/+/+,-/+/+,+/+/+,-/+/+,-/+/+,-/+/+,-/+/+,+/-/-,+/-/-,-/+/+,-/+/-,+/+/+,-/+/+,-/+/+,-/+/+,-/+/+,+/+/+,+/+/+,-/+/+,-/+/+,+/+/+,-/+/-,-/+/+,+/+/+,+/+/+,+/+/+,+/-/-,+/+/+,-/+/+,+/-/-,-/-/-,-/+/+,-/+/+,-/+/+,+/-/-,-/n/+,-/n/+,+/n/+,+/n/+,-/n/+,-/n/+,-/n/+,+/n/+,+/n/+,-/n/-,-/n/+,-/n/+,-/n/+,-/n/+,+/n/+,-/n/+,-/n/+,-/n/+,-/+/+,-/+/+,+/+/+,+/+/+,-/+/+,-/+/+,-/+/+,-/+/+,+/+/+,+/+/+,-/+/+,-/+/+,-/+/+,-/+/+,+/+/+,-/+/+,-/+/+,+/+/+,+/+/+,+/+/+,-/+/+,+/+/+,-/+/+,+/+/+,+/+/+
OD600 growth on Adenosine,adn(e)-succ(e),-/-/-,+/-/-,+/+/+,+/+/+,+/-/-,+/+/+,+/+/+,-/-/-,+/-/-,+/-/-,-/-/-,+/+/+,+/+/+,+/+/+,+/+/+,+/+/+,+/+/+,+/+/+,+/+/+,+/+/+,+/+/+,+/+/+,+/+/+,+/+/+,+/+/+,+/+/+,+/+/+,+/+/+,+/+/+,+/+/+,+/+/+,+/+/+,+/+/+,+/+/+,+/+/+,+/+/+,+/+/+,+/+/+,+/+/+,+/-/-,+/-/-,+/+/+,+/+/-,+/+/+,+/+/+,+/+/+,+/+/+,+/+/+,+/+/+,+/+/+,+/+/+,+/+/+,+/+/+,+/+/+,+/+/+,+/+/+,+/+/+,+/+/+,+/+/+,+/+/+,+/+/+,+/-/-,+/-/-,+/+/+,+/+/+,+/+/+,+/-/-,+/n/+,-/n/+,+/n/+,+/n/+,+/n/+,+/n/+,+/n/+,+/n/+,+/n/+,+/n/-,+/n/+,+/n/+,+/n/+,+/n/+,+/n/+,+/n/+,+/n/+,+/n/+,+/+/+,+/+/+,+/+/+,+/+/+,+/+/+,+/+/+,+/+/+,+/+/+,+/+/+,+/+/+,+/+/+,+/+/+,+/+/+,+/+/+,+/+/+,+/+/+,+/+/+,+/+/+,+/+/+,+/+/+,+/+/+,+/+/+,+/+/+,+/+/+,+/+/+
OD600 growth on Cytidine,cytd(e)-succ(e),-/-/-,+/-/-,+/+/+,+/+/+,-/-/-,+/+/+,+/+/+,+/-/-,+/-/-,+/-/-,-/-/-,+/+/+,+/+/+,+/+/+,+/+/+,+/+/+,+/+/+,+/+/+,+/+/+,+/+/+,+/+/+,+/+/+,+/+/+,+/+/+,+/+/+,+/+/+,+/+/+,+/+/+,+/+/+,+/+/+,+/+/+,+/+/+,+/+/+,+/+/+,+/+/+,+/+/+,+/+/+,+/+/+,+/+/+,+/-/-,+/-/-,+/+/+,+/+/-,+/+/+,+/+/+,+/+/+,+/+/+,+/+/+,+/+/+,+/+/+,+/+/+,+/+/+,+/+/+,+/+/+,+/+/+,+/+/+,+/+/+,+/+/+,+/+/+,+/+/+,+/+/+,+/-/-,+/-/-,+/+/+,+/+/+,+/-/-,+/-/-,+/n/+,+/n/+,+/n/+,+/n/+,+/n/+,+/n/+,+/n/+,+/n/+,+/n/+,+/n/-,+/n/+,+/n/+,+/n/+,+/n/+,+/n/+,+/n/+,+/n/+,+/n/+,+/+/+,+/+/+,+/+/+,+/+/+,+/+/+,+/+/+,+/+/+,+/+/+,+/+/+,+/+/+,+/+/+,+/+/+,+/+/+,+/+/+,+/+/+,+/+/+,+/+/+,+/+/+,+/+/+,+/+/+,+/+/+,+/+/+,+/+/+,+/+/+,+/+/+
OD600 growth on Cytosine,csn(e)-succ(e),-/-/-,+/-/-,+/+/+,+/+/+,-/-/-,-/+/+,+/+/+,+/-/-,+/-/-,+/-/-,+/-/-,+/+/+,+/+/+,+/+/+,+/+/+,+/+/+,+/+/+,+/+/+,+/+/+,+/+/+,+/+/+,+/+/+,+/+/+,+/+/+,+/+/+,+/+/+,-/+/+,+/+/+,+/+/+,+/+/+,+/+/+,+/+/+,+/+/+,+/+/+,+/+/+,+/+/+,+/+/+,+/+/+,+/+/+,+/-/-,+/-/-,+/+/+,-/+/-,+/+/+,+/+/+,+/+/+,+/+/+,+/+/+,+/+/+,+/+/+,+/+/+,-/+/+,+/+/+,+/+/-,+/+/+,+/+/+,+/+/+,+/+/+,+/-/-,+/+/+,+/+/+,+/-/-,+/-/-,+/+/+,+/+/+,+/-/-,+/-/-,+/n/+,-/n/+,+/n/+,+/n/+,+/n/+,+/n/+,+/n/+,+/n/+,+/n/+,-/n/-,+/n/+,-/n/+,+/n/+,+/n/+,+/n/+,+/n/+,+/n/+,+/n/+,+/+/+,+/+/+,+/+/+,+/+/+,+/+/+,+/+/+,+/+/+,+/+/+,+/+/+,+/+/+,+/+/+,+/+/+,+/+/+,+/+/+,+/+/+,+/+/+,+/+/+,+/+/+,+/+/+,+/+/+,+/+/+,+/+/+,+/+/+,+/+/+,+/+/+
OD600 growth on Guanine,gua(e)-succ(e),-/-/-,-/-/-,+/+/-,-/+/-,+/-/-,-/+/-,-/+/-,+/-/-,+/-/-,+/-/-,+/-/-,-/+/-,-/+/-,-/+/-,+/+/-,-/+/-,-/+/-,+/+/-,+/+/-,+/+/-,+/+/-,+/+/-,-/+/-,-/+/-,+/+/-,-/+/-,-/+/-,-/+/-,+/+/-,-/+/-,-/+/-,-/+/-,-/+/-,-/+/-,-/+/-,-/+/-,+/+/-,-/+/-,-/+/-,+/-/-,-/-/-,-/+/-,-/+/-,-/+/-,-/+/-,-/+/-,+/+/-,+/+/-,+/+/-,-/+/-,-/+/-,-/+/-,+/+/-,+/+/-,-/+/-,-/+/-,-/+/-,-/+/-,-/-/-,-/+/-,+/+/-,+/-/-,+/-/-,+/+/-,-/+/-,+/+/-,+/-/-,-/n/-,-/n/-,+/n/-,+/n/-,-/n/-,+/n/-,-/n/-,-/n/-,+/n/-,-/n/-,-/n/-,-/n/-,-/n/-,-/n/-,-/n/-,-/n/-,-/n/-,+/n/-,-/+/-,-/+/-,-/+/-,-/+/-,-/+/-,-/+/-,-/+/-,-/+/-,+/+/-,+/+/-,-/+/-,+/+/-,+/+/-,+/+/-,+/+/-,-/+/-,+/+/-,-/+/-,-/+/-,-/+/-,+/+/-,+/+/-,+/+/-,-/+/-,+/+/-
OD600 growth on Guanosine,gsn(e)-succ(e),-/-/-,+/-/-,+/+/+,-/+/+,+/-/-,+/+/+,+/+/+,+/-/-,+/-/-,+/-/-,+/-/-,-/+/+,-/+/+,-/+/+,-/+/+,+/+/+,+/+/+,+/+/+,+/+/+,+/+/+,+/+/+,-/+/+,-/+/+,-/+/+,+/+/+,+/+/+,-/+/+,-/+/+,+/+/+,+/+/+,+/+/+,-/+/+,-/+/+,+/+/+,-/+/+,-/+/+,-/+/+,-/+/+,-/+/+,+/-/-,+/-/-,-/+/+,-/+/-,+/+/+,-/+/+,-/+/+,-/+/+,+/+/+,+/+/+,-/+/+,+/+/+,-/+/+,+/+/+,+/+/+,-/+/+,-/+/+,+/+/+,+/+/+,+/+/+,+/+/+,+/+/+,+/-/-,-/-/-,+/+/+,-/+/+,+/+/+,+/-/-,-/n/+,+/n/+,+/n/+,+/n/+,-/n/+,-/n/+,-/n/+,+/n/+,-/n/+,+/n/-,+/n/+,-/n/+,+/n/+,+/n/+,+/n/+,+/n/+,-/n/+,+/n/+,+/+/+,-/+/+,+/+/+,+/+/+,-/+/+,-/+/+,-/+/+,+/+/+,+/+/+,+/+/+,-/+/+,+/+/+,-/+/+,-/+/+,+/+/+,+/+/+,+/+/+,+/+/+,+/+/+,+/+/+,+/+/+,-/+/+,-/+/+,-/+/+,+/+/+
OD600 growth on Inosine,ins(e)-succ(e),-/-/-,-/-/-,-/-/-,-/-/-,-/-/-,-/-/-,-/-/-,-/-/-,-/-/-,-/-/-,-/-/-,-/-/-,-/-/-,-/-/-,-/-/-,-/-/-,-/-/-,-/-/-,-/-/-,-/-/-,-/-/-,-/-/-,-/-/-,-/-/-,-/-/-,-/-/-,-/-/-,-/-/-,-/-/-,-/-/-,-/-/-,-/-/-,-/-/-,-/-/-,-/-/-,-/-/-,-/-/-,-/-/-,-/-/-,-/-/-,-/-/-,-/-/-,-/-/-,-/-/-,-/-/-,-/-/-,-/-/-,-/-/-,-/-/-,-/-/-,-/-/-,-/-/-,+/-/-,-/-/-,-/-/-,-/-/-,-/-/-,-/-/-,-/-/-,-/-/-,-/-/-,-/-/-,-/-/-,-/-/-,-/-/-,-/-/-,-/-/-,-/n/-,-/n/-,+/n/-,+/n/-,-/n/-,-/n/-,-/n/-,-/n/-,-/n/-,-/n/-,-/n/-,-/n/-,-/n/-,-/n/-,-/n/-,-/n/-,-/n/-,-/n/-,-/-/-,-/-/-,-/-/-,-/-/-,-/-/-,-/-/-,-/-/-,-/-/-,-/-/-,-/-/-,-/-/-,-/-/-,-/-/-,-/-/-,-/-/-,-/-/-,-/-/-,-/-/-,-/-/-,-/-/-,-/-/-,-/-/-,-/-/-,-/-/-,-/-/-
OD600 growth on Thymidine,thymd(e)-succ(e),-/-/-,-/-/-,-/-/-,-/-/-,-/-/-,-/-/-,-/-/-,-/-/-,+/-/-,+/-/-,-/-/-,-/-/-,-/-/-,-/-/-,-/-/-,-/-/-,-/-/-,-/-/-,-/-/-,-/-/-,-/-/-,-/-/-,-/-/-,-/-/-,-/-/-,-/-/-,-/-/-,-/-/-,-/-/-,-/-/-,-/-/-,-/-/-,-/-/-,-/-/-,-/-/-,-/-/-,-/-/-,-/-/-,-/-/-,-/-/-,-/-/-,-/-/-,-/-/-,-/-/-,-/-/-,-/-/-,-/-/-,-/-/-,-/-/-,-/-/-,-/-/-,-/-/-,-/-/-,-/-/-,-/-/-,-/-/-,-/-/-,-/-/-,-/-/-,-/-/-,-/-/-,-/-/-,-/-/-,-/-/-,-/-/-,-/-/-,-/-/-,-/n/-,-/n/-,+/n/-,+/n/-,-/n/-,-/n/-,-/n/-,-/n/-,-/n/-,-/n/-,-/n/-,-/n/-,-/n/-,-/n/-,-/n/-,-/n/-,-/n/-,-/n/-,-/-/-,-/-/-,-/-/-,-/-/-,-/-/-,-/-/-,-/-/-,-/-/-,-/-/-,-/-/-,-/-/-,-/-/-,-/-/-,-/-/-,-/-/-,-/-/-,-/-/-,-/-/-,-/-/-,-/-/-,-/-/-,-/-/-,-/-/-,-/-/-,-/-/-
OD600 growth on Uracil,ura(e)-succ(e),-/-/-,-/-/-,-/-/-,-/-/-,+/-/-,-/-/-,-/-/-,-/-/-,-/-/-,+/-/-,-/-/-,-/-/-,-/-/-,-/-/-,-/-/-,-/-/-,-/-/-,-/-/-,-/-/-,-/-/-,-/-/-,-/-/-,-/-/-,-/-/-,-/-/-,-/-/-,-/-/-,-/-/-,-/-/-,-/-/-,-/-/-,-/-/-,-/-/-,-/-/-,-/-/-,-/-/-,-/-/-,-/-/-,-/-/-,-/-/-,-/-/-,-/-/-,-/-/-,-/-/-,-/-/-,-/-/-,-/-/-,-/-/-,-/-/-,-/-/-,-/-/-,-/-/-,-/-/-,-/-/-,-/-/-,-/-/-,-/-/-,-/-/-,-/-/-,-/-/-,-/-/-,-/-/-,-/-/-,-/-/-,-/-/-,-/-/-,-/-/-,-/n/-,-/n/-,+/n/-,+/n/-,-/n/-,-/n/-,-/n/-,-/n/-,-/n/-,-/n/-,-/n/-,-/n/-,-/n/-,-/n/-,-/n/-,-/n/-,-/n/-,-/n/-,-/-/-,-/-/-,-/-/-,-/-/-,-/-/-,-/-/-,-/-/-,-/-/-,-/-/-,-/-/-,-/-/-,-/-/-,-/-/-,-/-/-,-/-/-,-/-/-,-/-/-,-/-/-,-/-/-,-/-/-,-/-/-,-/-/-,-/-/-,-/-/-,-/-/-
OD600 growth on Uridine,uri(e)-succ(e),+/-/-,-/-/-,-/-/-,-/-/-,-/-/-,+/-/-,-/-/-,-/-/-,-/-/-,+/-/-,-/-/-,-/-/-,-/-/-,-/-/-,-/-/-,-/-/-,-/-/-,-/-/-,-/-/-,-/-/-,-/-/-,-/-/-,-/-/-,-/-/-,-/-/-,-/-/-,-/-/-,-/-/-,-/-/-,-/-/-,-/-/-,-/-/-,-/-/-,-/-/-,-/-/-,-/-/-,-/-/-,-/-/-,-/-/-,-/-/-,-/-/-,-/-/-,-/-/-,-/-/-,-/-/-,-/-/-,-/-/-,-/-/-,-/-/-,-/-/-,-/-/-,-/-/-,-/-/-,-/-/-,-/-/-,-/-/-,-/-/-,-/-/-,-/-/-,-/-/-,-/-/-,-/-/-,-/-/-,-/-/-,-/-/-,-/-/-,-/-/-,-/n/-,-/n/-,+/n/-,+/n/-,-/n/-,-/n/-,-/n/-,-/n/-,-/n/-,-/n/-,-/n/-,-/n/-,-/n/-,-/n/-,-/n/-,-/n/-,-/n/-,-/n/-,-/-/-,-/-/-,-/-/-,-/-/-,-/-/-,-/-/-,-/-/-,-/-/-,-/-/-,-/-/-,-/-/-,-/-/-,-/-/-,-/-/-,-/-/-,-/-/-,-/-/-,-/-/-,-/-/-,-/-/-,-/-/-,-/-/-,-/-/-,-/-/-,-/-/-
OD600 growth on Xanthosine,xtsn(e)-succ(e),+/-/-,-/-/-,-/-/-,-/-/-,+/-/-,-/-/-,-/-/-,-/-/-,-/-/-,-/-/-,-/-/-,-/-/-,+/-/-,-/-/-,-/-/-,+/-/-,-/-/-,+/-/-,-/-/-,-/-/-,-/-/-,-/-/-,-/-/-,-/-/-,+/-/-,-/-/-,-/-/-,-/-/-,-/-/-,-/-/-,+/-/-,-/-/-,-/-/-,-/-/-,-/-/-,-/-/-,-/-/-,-/-/-,-/-/-,+/-/-,+/-/-,-/-/-,-/-/-,-/-/-,+/-/-,-/-/-,-/-/-,-/-/-,-/-/-,+/-/-,-/-/-,-/-/-,+/-/-,+/-/-,-/-/-,+/-/-,+/-/-,+/-/-,-/-/-,+/-/-,-/-/-,+/-/-,-/-/-,-/-/-,-/-/-,-/-/-,+/-/-,-/n/-,-/n/-,+/n/-,+/n/-,-/n/-,-/n/-,-/n/-,+/n/-,-/n/-,+/n/-,-/n/-,-/n/-,-/n/-,-/n/-,+/n/-,-/n/-,-/n/-,-/n/-,-/-/-,-/-/-,+/-/-,-/-/-,-/-/-,-/-/-,-/-/-,+/-/-,+/-/-,+/-/-,-/-/-,-/-/-,-/-/-,-/-/-,-/-/-,-/-/-,+/-/-,-/-/-,+/-/-,+/-/-,+/-/-,-/-/-,+/-/-,-/-/-,+/-/-
OD600 growth on Allantoin,alltn(e)-succ(e),-/-/-,-/-/-,-/+/-,-/+/-,-/-/-,-/+/-,-/+/-,+/-/-,+/-/-,+/-/-,-/-/-,-/+/-,-/+/-,-/+/-,-/+/-,+/+/-,-/+/-,-/+/-,-/+/-,-/+/-,-/+/-,-/+/-,-/+/-,-/+/-,-/+/-,-/+/-,-/+/-,-/+/-,-/+/-,-/+/-,-/+/-,-/+/-,-/+/-,-/+/-,-/+/-,-/+/-,-/+/-,-/+/-,-/+/-,+/-/-,-/-/-,-/+/-,-/+/-,-/+/-,-/+/-,-/+/-,-/+/-,-/+/-,-/+/-,-/+/-,-/+/-,-/+/-,+/+/-,-/+/-,-/+/-,-/+/-,-/+/-,-/+/-,-/-/-,+/+/-,-/+/-,-/-/-,-/-/-,-/+/-,-/+/-,-/-/-,+/-/-,-/n/-,-/n/-,+/n/-,+/n/-,-/n/-,-/n/-,-/n/-,-/n/-,-/n/-,-/n/-,-/n/-,-/n/-,-/n/-,-/n/-,-/n/-,-/n/-,-/n/-,-/n/-,-/+/-,-/+/-,-/+/-,-/+/-,-/+/-,-/+/-,-/+/-,-/+/-,-/+/-,-/+/-,-/+/-,-/+/-,-/+/-,-/+/-,-/+/-,-/+/-,-/+/-,-/+/-,-/+/-,-/-/-,-/+/-,-/+/-,-/+/-,-/+/-,+/+/-
OD600 growth on Ammonia,nh4(e)-succ(e),-/-/-,+/-/-,+/+/+,+/+/+,-/-/-,+/+/+,+/+/+,-/-/-,+/-/-,-/-/-,+/-/-,+/+/+,+/+/+,+/+/+,+/+/+,+/+/+,+/+/+,+/+/+,+/+/+,+/+/+,+/+/+,+/+/+,+/+/+,+/+/+,+/+/+,+/+/+,+/+/+,+/+/+,+/+/+,+/+/+,+/+/+,+/+/+,+/+/+,+/+/+,-/+/+,+/+/+,+/+/+,+/+/+,+/+/+,+/-/-,+/-/-,+/+/+,+/+/+,+/+/+,+/+/+,+/+/+,+/+/+,+/+/+,+/+/+,+/+/+,+/+/+,-/+/+,+/+/+,+/+/-,+/+/+,+/+/+,+/+/+,+/+/+,+/-/-,+/+/+,+/+/+,+/-/-,+/-/-,+/+/+,+/+/+,+/-/-,-/-/-,+/n/+,+/n/+,+/n/+,+/n/+,+/n/+,+/n/+,+/n/+,+/n/+,+/n/+,+/n/-,+/n/+,+/n/+,+/n/+,+/n/+,+/n/+,+/n/+,+/n/+,+/n/+,+/+/+,+/+/+,+/+/+,+/+/+,+/+/+,+/+/+,+/+/+,+/+/+,+/+/+,+/+/+,+/+/+,+/+/+,+/+/+,+/+/+,+/+/+,+/+/+,+/+/+,+/+/+,+/+/+,+/+/+,+/+/+,+/+/+,+/+/+,+/+/+,+/+/+
OD600 growth on N-Acetyl-D-Glucosamine,acgam(e)-succ(e),-/-/-,+/-/-,+/+/+,+/+/+,-/-/-,+/+/+,+/+/+,-/-/-,+/-/-,+/-/-,-/-/-,+/+/+,+/+/+,+/+/+,+/+/+,+/+/+,+/+/+,+/+/+,+/+/+,+/+/+,+/+/+,+/+/+,+/+/+,+/+/+,+/+/+,+/+/+,+/+/+,+/+/+,+/+/+,+/+/+,+/+/+,+/+/+,+/+/+,+/+/+,+/+/+,+/+/+,+/+/+,+/+/+,+/+/+,+/-/-,+/-/-,+/+/+,+/+/-,+/+/+,+/+/+,+/+/+,+/+/+,+/+/+,+/+/+,+/+/+,+/+/+,+/+/+,+/+/+,+/+/+,+/+/+,+/+/+,+/+/+,+/+/+,+/+/+,+/+/+,+/+/+,+/-/-,+/-/-,+/+/+,+/+/+,+/-/-,+/-/-,+/n/+,+/n/+,+/n/+,+/n/+,+/n/+,+/n/+,+/n/+,+/n/+,+/n/+,+/n/-,+/n/+,+/n/+,+/n/+,+/n/+,+/n/+,+/n/+,+/n/+,+/n/+,+/+/+,+/+/+,+/+/+,+/+/+,+/+/+,+/+/+,+/+/+,+/+/+,+/+/+,+/+/+,+/+/+,+/+/+,+/+/+,+/+/+,+/+/+,+/+/+,+/+/+,+/+/+,+/+/+,+/+/+,+/+/+,+/+/+,+/+/+,+/+/+,+/+/+
OD600 growth on N-Acetyl-D-Mannosamine,acmana(e)-succ(e),-/-/-,+/-/-,+/+/+,-/+/+,+/-/-,+/+/+,-/+/+,-/-/-,+/-/-,+/-/-,-/-/-,-/+/+,+/+/+,-/+/+,+/+/+,+/+/+,-/+/+,+/+/+,+/+/+,+/+/+,+/+/+,+/+/+,-/+/+,-/+/+,+/+/+,-/+/+,-/+/+,-/+/+,-/+/+,-/+/+,+/+/+,-/+/+,-/+/+,-/+/+,-/+/+,-/+/+,+/+/+,-/+/+,-/+/+,+/-/-,+/-/-,-/+/+,-/+/-,+/+/+,+/+/+,-/+/+,-/+/+,-/+/+,-/+/+,+/+/+,+/+/+,-/+/+,+/+/+,+/+/+,-/+/+,+/+/+,+/+/+,+/+/+,-/+/+,+/+/+,+/+/+,+/-/-,-/-/-,-/+/+,+/+/+,-/-/-,-/-/-,-/n/+,-/n/+,+/n/+,-/n/+,+/n/+,+/n/+,-/n/+,+/n/+,-/n/+,-/n/-,-/n/+,-/n/+,-/n/+,-/n/+,+/n/+,-/n/+,-/n/+,-/n/+,-/+/+,-/+/+,+/+/+,-/+/+,+/+/+,+/+/+,+/+/+,+/+/+,+/+/+,+/+/+,-/+/+,-/+/+,-/+/+,-/+/+,+/+/+,-/+/+,-/+/+,+/+/+,+/+/+,+/+/+,-/+/+,+/+/+,+/+/+,+/+/+,+/+/+
OD600 growth on Nitrate,no3(e)-succ(e),-/-/-,-/-/-,-/+/-,-/+/-,-/-/-,-/+/-,-/+/-,-/-/-,-/-/-,-/-/-,-/-/-,-/+/-,-/+/-,-/+/-,-/+/-,-/+/-,-/+/-,-/+/-,-/+/-,-/+/-,-/+/-,-/+/-,-/+/-,-/+/-,-/+/-,-/+/-,-/+/-,-/+/-,-/+/-,-/+/-,-/+/-,-/+/-,-/+/-,-/+/-,-/+/-,-/+/-,-/+/-,-/+/-,-/+/-,-/-/-,-/-/-,-/+/-,-/+/-,-/+/-,-/+/-,-/+/-,-/+/-,-/+/-,-/+/-,-/+/-,-/+/-,-/+/-,-/+/-,-/+/-,-/+/-,-/+/-,-/+/-,-/+/-,-/-/-,-/+/-,-/+/-,-/-/-,-/-/-,-/+/-,-/+/-,-/-/-,-/-/-,-/n/-,-/n/-,-/n/-,-/n/-,-/n/-,-/n/-,-/n/-,-/n/-,-/n/-,-/n/-,-/n/-,-/n/-,-/n/-,-/n/-,-/n/-,-/n/-,-/n/-,-/n/-,-/+/-,-/+/-,-/+/-,-/+/-,-/+/-,-/+/-,-/+/-,-/+/-,-/+/-,-/+/-,-/+/-,-/+/-,+/+/-,-/+/-,-/+/-,-/+/-,-/+/-,-/+/-,-/+/-,-/+/-,-/+/-,-/+/-,-/+/-,-/+/-,-/+/-
OD600 growth on Nitrite,no2(e)-succ(e),-/-/-,-/-/-,-/+/-,-/+/-,-/-/-,+/+/-,-/+/-,-/-/-,-/-/-,-/-/-,-/-/-,-/+/-,+/+/-,-/+/-,+/+/-,+/+/-,-/+/-,+/+/-,-/+/-,-/+/-,-/+/-,-/+/-,-/+/-,-/+/-,-/+/-,+/+/-,-/+/-,-/+/-,-/+/-,-/+/-,-/+/-,-/+/-,-/+/-,-/+/-,-/+/-,-/+/-,-/+/-,-/+/-,-/+/-,+/-/-,-/-/-,-/+/-,-/+/-,-/+/-,-/+/-,-/+/-,-/+/-,-/+/-,+/+/-,-/+/-,-/+/-,-/+/-,+/+/-,-/+/-,-/+/-,+/+/-,-/+/-,-/+/-,+/-/-,+/+/-,-/+/-,-/-/-,+/-/-,-/+/-,+/+/-,-/-/-,-/-/-,-/n/-,-/n/-,-/n/-,-/n/-,-/n/-,-/n/-,-/n/-,+/n/-,-/n/-,-/n/-,-/n/-,-/n/-,-/n/-,-/n/-,-/n/-,-/n/-,-/n/-,+/n/-,-/+/-,-/+/-,-/+/-,-/+/-,-/+/-,-/+/-,-/+/-,-/+/-,+/+/-,+/+/-,-/+/-,-/+/-,+/+/-,-/+/-,-/+/-,+/+/-,+/+/-,-/+/-,+/+/-,+/+/-,-/+/-,+/+/-,-/+/-,-/+/-,+/+/-
OD600 growth on Putrescine,ptrc(e)-succ(e),-/-/-,+/-/-,+/+/+,-/+/+,-/-/-,-/+/+,+/+/+,-/-/-,+/-/-,-/-/-,-/-/-,+/+/+,-/+/+,-/+/+,+/+/+,+/+/+,+/+/+,+/+/+,+/+/+,+/+/+,+/+/+,+/+/+,-/+/+,-/+/+,+/+/+,-/+/+,-/+/+,-/+/+,-/+/+,+/+/+,+/+/+,+/+/+,+/+/+,+/+/+,-/+/+,+/+/+,-/+/+,-/+/+,-/+/+,+/-/-,+/-/-,-/+/+,-/+/+,+/+/+,-/+/+,-/+/+,+/+/+,+/+/+,+/+/+,-/+/+,+/+/+,-/+/+,+/+/+,-/+/-,+/+/+,+/+/+,-/+/+,+/+/+,-/-/-,+/+/+,+/+/+,+/-/-,+/-/-,-/+/+,+/+/+,+/-/-,-/-/-,+/n/+,-/n/+,-/n/+,+/n/+,-/n/+,+/n/+,-/n/+,+/n/+,+/n/+,-/n/-,+/n/+,-/n/+,+/n/+,+/n/+,+/n/+,+/n/+,+/n/+,+/n/+,-/+/+,+/+/+,+/+/+,+/+/+,-/+/+,-/+/+,+/+/+,-/+/+,+/+/+,+/+/+,-/+/+,+/+/+,-/+/+,+/+/+,+/+/+,+/+/+,+/+/+,+/+/+,-/+/+,+/+/+,+/+/+,+/+/+,-/+/+,-/+/+,-/+/+
OD600 growth on Urea,urea(e)-succ(e),-/-/-,-/-/-,-/-/-,-/-/-,-/-/-,-/-/-,-/-/-,-/-/-,-/-/-,-/-/-,-/-/-,-/-/-,-/-/-,-/-/-,-/-/-,-/-/-,-/-/-,-/-/-,-/-/-,-/-/-,-/-/-,-/-/-,-/-/-,-/-/-,-/-/-,-/-/-,-/-/-,-/-/-,-/-/-,-/-/-,-/-/-,-/-/-,-/-/-,-/-/-,-/-/-,-/-/-,-/-/-,-/-/-,-/-/-,-/-/-,-/-/-,-/-/-,-/-/-,-/-/-,-/-/-,-/-/-,-/-/-,-/-/-,-/-/-,-/-/-,-/-/-,-/-/-,+/-/-,-/-/-,-/-/-,-/-/-,-/-/-,-/-/-,-/-/-,-/-/-,-/-/-,-/-/-,-/-/-,-/-/-,-/-/-,-/-/-,-/-/-,-/n/-,-/n/-,+/n/-,+/n/-,-/n/-,-/n/-,-/n/-,-/n/-,-/n/-,-/n/-,-/n/-,-/n/-,-/n/-,-/n/-,-/n/-,-/n/-,-/n/-,-/n/-,-/-/-,-/-/-,-/-/-,-/-/-,-/-/-,-/-/-,-/-/-,-/-/-,-/-/-,-/-/-,-/-/-,-/-/-,+/-/-,-/-/-,-/-/-,-/-/-,-/-/-,-/-/-,-/-/-,-/-/-,-/-/-,-/-/-,-/-/-,-/-/-,-/-/-
OD600 growth on Xanthine,xan(e)-succ(e),+/-/-,+/-/-,+/-/-,+/-/-,+/-/-,+/-/-,+/-/-,+/-/-,+/-/-,+/-/-,+/-/-,+/-/-,+/-/-,+/-/-,+/-/-,+/-/-,+/-/-,+/-/-,+/-/-,+/-/-,+/-/-,+/-/-,+/-/-,+/-/-,+/-/-,+/-/-,+/-/-,+/-/-,+/-/-,+/-/-,+/-/-,+/-/-,+/-/-,+/-/-,+/-/-,+/-/-,+/-/-,+/-/-,-/-/-,+/-/-,+/-/-,+/-/-,+/-/-,+/-/-,+/-/-,+/-/-,+/-/-,+/-/-,+/-/-,+/-/-,+/-/-,+/-/-,+/-/-,+/-/-,+/-/-,+/-/-,+/-/-,+/-/-,+/-/-,+/-/-,+/-/-,+/-/-,+/-/-,+/-/-,+/-/-,+/-/-,+/-/-,+/n/-,+/n/-,+/n/-,+/n/-,+/n/-,+/n/-,+/n/-,+/n/-,+/n/-,+/n/-,+/n/-,+/n/-,+/n/-,-/n/-,+/n/-,+/n/-,+/n/-,+/n/-,+/-/-,-/-/-,+/-/-,+/-/-,+/-/-,+/-/-,+/-/-,+/-/-,+/-/-,+/-/-,+/-/-,+/-/-,+/-/-,-/-/-,+/-/-,+/-/-,+/-/-,+/-/-,+/-/-,+/-/-,+/-/-,+/-/-,+/-/-,+/-/-,+/-/-
OD600 growth on D-Glucosamine,gam(e)-succ(e),-/-/-,+/-/-,+/+/+,+/+/+,-/-/-,-/+/+,+/+/+,+/-/-,+/-/-,+/-/-,-/-/-,+/+/+,+/+/+,+/+/+,+/+/+,+/+/+,+/+/+,+/+/+,+/+/+,+/+/+,+/+/+,+/+/+,+/+/+,+/+/+,+/+/+,+/+/+,+/+/+,+/+/+,+/+/+,+/+/+,+/+/+,+/+/+,+/+/+,+/+/+,+/+/+,+/+/+,+/+/+,+/+/+,+/+/+,+/-/-,+/-/-,+/+/+,+/+/-,+/+/+,+/+/+,+/+/+,+/+/+,+/+/+,+/+/+,+/+/+,+/+/+,+/+/+,+/+/+,+/+/+,+/+/+,+/+/+,+/+/+,+/+/+,+/+/+,+/+/+,+/+/+,+/-/-,+/-/-,+/+/+,+/+/+,+/-/-,+/-/-,+/n/+,+/n/+,+/n/+,+/n/+,+/n/+,+/n/+,+/n/+,+/n/+,+/n/+,+/n/-,+/n/+,+/n/+,+/n/+,+/n/+,+/n/+,+/n/+,+/n/+,+/n/+,+/+/+,+/+/+,+/+/+,+/+/+,+/+/+,+/+/+,+/+/+,+/+/+,+/+/+,+/+/+,+/+/+,+/+/+,+/+/+,+/+/+,+/+/+,+/+/+,+/+/+,+/+/+,+/+/+,+/+/+,+/+/+,+/+/+,+/+/+,+/+/+,+/+/+
,,,,,,,,,,,,,,,,,,,,,,,,,,,,,,,,,,,,,,,,,,,,,,,,,,,,,,,,,,,,,,,,,,,,,,,,,,,,,,,,,,,,,,,,,,,,,,,,,,,,,,,,,,,,,,,
Legend,Totals,,,,,,,,,,,,,,,,,,,,,,,,,,,,,,,,,,,,,,,,,,,,,,,,,,,,,,,,,,,,,,,,,,,,,,,,,,,,,,,,,,,,,,,,,,,,,,,,,,,,,,,,,,,,,,
Model predicts correctly with or without regulatory constraints,,,,,,,,,,,,,,,,,,,,,,,,,,,,,,,,,,,,,,,,,,,,,,,,,,,,,,,,,,,,,,,,,,,,,,,,,,,,,,,,,,,,,,,,,,,,,,,,,,,,,,,,,,,,,,,
+/+/+,6222,,,,,,,,,,,,,,,,,,,,,,,,,,,,,,,,,,,,,,,,,,,,,,,,,,,,,,,,,,,,,,,,,,,,,,,,,,,,,,,,,,,,,,,,,,,,,,,,,,,,,,,,,,,,,,
-/-/-,2094,,,,,,,,,,,,,,,,,,,,,,,,,,,,,,,,,,,,,,,,,,,,,,,,,,,,,,,,,,,,,,,,,,,,,,,,,,,,,,,,,,,,,,,,,,,,,,,,,,,,,,,,,,,,,,
Model predicts correctly only with regulatory constraints,,,,,,,,,,,,,,,,,,,,,,,,,,,,,,,,,,,,,,,,,,,,,,,,,,,,,,,,,,,,,,,,,,,,,,,,,,,,,,,,,,,,,,,,,,,,,,,,,,,,,,,,,,,,,,,
-/+/-,657,,,,,,,,,,,,,,,,,,,,,,,,,,,,,,,,,,,,,,,,,,,,,,,,,,,,,,,,,,,,,,,,,,,,,,,,,,,,,,,,,,,,,,,,,,,,,,,,,,,,,,,,,,,,,,
+/-/+,0,,,,,,,,,,,,,,,,,,,,,,,,,,,,,,,,,,,,,,,,,,,,,,,,,,,,,,,,,,,,,,,,,,,,,,,,,,,,,,,,,,,,,,,,,,,,,,,,,,,,,,,,,,,,,,
+/n/+,1350,,,,,,,,,,,,,,,,,,,,,,,,,,,,,,,,,,,,,,,,,,,,,,,,,,,,,,,,,,,,,,,,,,,,,,,,,,,,,,,,,,,,,,,,,,,,,,,,,,,,,,,,,,,,,,
-/n/-,505,,,,,,,,,,,,,,,,,,,,,,,,,,,,,,,,,,,,,,,,,,,,,,,,,,,,,,,,,,,,,,,,,,,,,,,,,,,,,,,,,,,,,,,,,,,,,,,,,,,,,,,,,,,,,,
Model predicts correctly only without regulatory constraints,,,,,,,,,,,,,,,,,,,,,,,,,,,,,,,,,,,,,,,,,,,,,,,,,,,,,,,,,,,,,,,,,,,,,,,,,,,,,,,,,,,,,,,,,,,,,,,,,,,,,,,,,,,,,,,
+/n/-,242,,,,,,,,,,,,,,,,,,,,,,,,,,,,,,,,,,,,,,,,,,,,,,,,,,,,,,,,,,,,,,,,,,,,,,,,,,,,,,,,,,,,,,,,,,,,,,,,,,,,,,,,,,,,,,
-/n/+,153,,,,,,,,,,,,,,,,,,,,,,,,,,,,,,,,,,,,,,,,,,,,,,,,,,,,,,,,,,,,,,,,,,,,,,,,,,,,,,,,,,,,,,,,,,,,,,,,,,,,,,,,,,,,,,
-/-/+,0,,,,,,,,,,,,,,,,,,,,,,,,,,,,,,,,,,,,,,,,,,,,,,,,,,,,,,,,,,,,,,,,,,,,,,,,,,,,,,,,,,,,,,,,,,,,,,,,,,,,,,,,,,,,,,
+/+/-,257,,,,,,,,,,,,,,,,,,,,,,,,,,,,,,,,,,,,,,,,,,,,,,,,,,,,,,,,,,,,,,,,,,,,,,,,,,,,,,,,,,,,,,,,,,,,,,,,,,,,,,,,,,,,,,
Model predicts incorrectly with or without regulatory constraints,,,,,,,,,,,,,,,,,,,,,,,,,,,,,,,,,,,,,,,,,,,,,,,,,,,,,,,,,,,,,,,,,,,,,,,,,,,,,,,,,,,,,,,,,,,,,,,,,,,,,,,,,,,,,,,
-/+/+,702,,,,,,,,,,,,,,,,,,,,,,,,,,,,,,,,,,,,,,,,,,,,,,,,,,,,,,,,,,,,,,,,,,,,,,,,,,,,,,,,,,,,,,,,,,,,,,,,,,,,,,,,,,,,,,
+/-/-,1568,,,,,,,,,,,,,,,,,,,,,,,,,,,,,,,,,,,,,,,,,,,,,,,,,,,,,,,,,,,,,,,,,,,,,,,,,,,,,,,,,,,,,,,,,,,,,,,,,,,,,,,,,,,,,,
